{"batch": 35, "div_factor": 6, "dropout_rate": 0.004826239893099715, "epochs": 14, "layer_size": 23, "max_lr": 0.0016958895466877028, "nb_layers": 10}