{"batch": 52, "div_factor": 8, "dropout_rate": 0.22725894647607384, "epochs": 18, "layer_size": 22, "max_lr": 0.00036643305221143114, "nb_layers": 5}