{"batch": 42, "div_factor": 9, "dropout_rate": 0.05903105857770088, "epochs": 17, "layer_size": 15, "max_lr": 0.003949398594189276, "nb_layers": 4}