{"batch": 57, "div_factor": 8, "dropout_rate": 0.0420771778203021, "epochs": 16, "layer_size": 15, "max_lr": 0.005299537937244315, "nb_layers": 8}