{"batch": 83, "div_factor": 3, "dropout_rate": 0.38254890230619887, "epochs": 14, "layer_size": 26, "max_lr": 0.009888676908018486, "nb_layers": 1}