{"batch": 56, "div_factor": 5, "dropout_rate": 0.4423255761599615, "epochs": 20, "layer_size": 5, "max_lr": 0.008092096871991708, "nb_layers": 4}