{"batch": 90, "div_factor": 9, "dropout_rate": 0.0689620212970254, "epochs": 18, "layer_size": 25, "max_lr": 0.0002270726118148425, "nb_layers": 4}