{"batch": 158, "div_factor": 6, "dropout_rate": 0.14175942329108332, "epochs": 9, "layer_size": 24, "max_lr": 0.0005631894610077675, "nb_layers": 7}