{"batch": 38, "div_factor": 9, "dropout_rate": 0.069186722704498, "epochs": 15, "layer_size": 29, "max_lr": 0.007629056999687643, "nb_layers": 4}