{"batch": 120, "div_factor": 6, "dropout_rate": 0.1809681776875184, "epochs": 9, "layer_size": 22, "max_lr": 0.004189631917549436, "nb_layers": 2}