{"batch": 47, "div_factor": 10, "dropout_rate": 0.004705374148361904, "epochs": 13, "layer_size": 11, "max_lr": 0.002535342632835526, "nb_layers": 9}