{"batch": 50, "div_factor": 5, "dropout_rate": 0.1341735229216875, "epochs": 12, "layer_size": 32, "max_lr": 0.005775472820363688, "nb_layers": 9}