{"batch": 44, "div_factor": 7, "dropout_rate": 0.13262188964070876, "epochs": 20, "layer_size": 23, "max_lr": 0.00010292499819065797, "nb_layers": 6}