{"batch": 75, "div_factor": 6, "dropout_rate": 0.3175936495437597, "epochs": 14, "layer_size": 30, "max_lr": 2.6488259425497057e-05, "nb_layers": 7}