{"batch": 37, "div_factor": 2, "dropout_rate": 0.2705705825597525, "epochs": 18, "layer_size": 26, "max_lr": 0.0030862947504913395, "nb_layers": 9}