{"batch": 44, "div_factor": 8, "dropout_rate": 0.2502666300280081, "epochs": 16, "layer_size": 11, "max_lr": 0.002768983714401641, "nb_layers": 8}