{"batch": 446, "div_factor": 7, "dropout_rate": 0.43355206468524116, "epochs": 17, "layer_size": 5, "max_lr": 0.001226492359797733, "nb_layers": 5}