{"batch": 80, "div_factor": 6, "dropout_rate": 0.2541251524461948, "epochs": 14, "layer_size": 26, "max_lr": 0.0003673895341570802, "nb_layers": 4}