{"batch": 61, "div_factor": 8, "dropout_rate": 0.03691451790266728, "epochs": 16, "layer_size": 28, "max_lr": 0.006445485468758772, "nb_layers": 8}