{"batch": 34, "div_factor": 8, "dropout_rate": 0.4936735851552839, "epochs": 5, "layer_size": 27, "max_lr": 0.004179003585084584, "nb_layers": 10}