{"batch": 55, "div_factor": 3, "dropout_rate": 0.1277086552186884, "epochs": 14, "layer_size": 14, "max_lr": 0.00021186616897202103, "nb_layers": 7}