{"batch": 43, "div_factor": 7, "dropout_rate": 0.025893577895160988, "epochs": 19, "layer_size": 24, "max_lr": 0.00031329137024135043, "nb_layers": 7}