{"batch": 52, "div_factor": 5, "dropout_rate": 0.046367666415264526, "epochs": 10, "layer_size": 25, "max_lr": 0.00939247687939935, "nb_layers": 7}