{"batch": 55, "div_factor": 7, "dropout_rate": 0.08130955249198045, "epochs": 17, "layer_size": 18, "max_lr": 0.009619939226044216, "nb_layers": 6}