{"batch": 34, "div_factor": 6, "dropout_rate": 0.044700095101865026, "epochs": 20, "layer_size": 17, "max_lr": 0.0002407779197363605, "nb_layers": 4}