{"batch": 33, "div_factor": 7, "dropout_rate": 0.43108638115388814, "epochs": 20, "layer_size": 20, "max_lr": 0.0009075703911774353, "nb_layers": 6}