{"batch": 34, "div_factor": 6, "dropout_rate": 0.05441679189265237, "epochs": 8, "layer_size": 21, "max_lr": 0.000243325502885853, "nb_layers": 6}