{"batch": 321, "div_factor": 6, "dropout_rate": 0.21879360563134626, "epochs": 16, "grad_clip": 89.17838234820016, "layer_size": 23, "max_lr": 0.0054926469042339745, "nb_layers": 5}