{"batch": 59, "div_factor": 7, "dropout_rate": 0.45303703786047284, "epochs": 17, "layer_size": 29, "max_lr": 0.008454786963873908, "nb_layers": 5}