{"batch": 40, "div_factor": 4, "dropout_rate": 0.0926904289727998, "epochs": 10, "layer_size": 13, "max_lr": 0.0024560717687744853, "nb_layers": 5}