{"batch": 56, "div_factor": 6, "dropout_rate": 0.02621769169707255, "epochs": 12, "layer_size": 19, "max_lr": 0.00020966263895505298, "nb_layers": 5}