{"batch": 231, "div_factor": 4, "dropout_rate": 0.043986190330171655, "epochs": 17, "layer_size": 22, "max_lr": 0.007983593447566365, "nb_layers": 3}