{"batch": 82, "div_factor": 5, "dropout_rate": 0.48072833545767313, "epochs": 18, "layer_size": 21, "max_lr": 0.001385888870230314, "nb_layers": 4}