{"batch": 37, "div_factor": 10, "dropout_rate": 0.002234350073178637, "epochs": 17, "layer_size": 10, "max_lr": 0.0030338235780643106, "nb_layers": 4}