{"batch": 69, "div_factor": 6, "dropout_rate": 0.47971667041671257, "epochs": 17, "layer_size": 21, "max_lr": 0.0004556768895285998, "nb_layers": 4}