{"batch": 55, "div_factor": 6, "dropout_rate": 0.03418341546279659, "epochs": 18, "layer_size": 21, "max_lr": 0.002280169956575086, "nb_layers": 10}