{"batch": 40, "div_factor": 2, "dropout_rate": 0.43573524752723564, "epochs": 19, "layer_size": 32, "max_lr": 0.009970242574928833, "nb_layers": 5}