{"batch": 53, "div_factor": 10, "dropout_rate": 0.12695297865584007, "epochs": 17, "layer_size": 31, "max_lr": 0.003911419476866647, "nb_layers": 9}