{"batch": 43, "div_factor": 2, "dropout_rate": 0.149549952793058, "epochs": 20, "layer_size": 24, "max_lr": 0.0027019748036251736, "nb_layers": 9}