{"batch": 177, "div_factor": 6, "dropout_rate": 0.2252850652457244, "epochs": 18, "layer_size": 12, "max_lr": 0.0005080643760759442, "nb_layers": 8}