{"batch": 74, "div_factor": 5, "dropout_rate": 0.16021946337195214, "epochs": 18, "layer_size": 18, "max_lr": 0.00040043509996589465, "nb_layers": 6}