{"batch": 34, "div_factor": 5, "dropout_rate": 0.44299516639021286, "epochs": 20, "layer_size": 27, "max_lr": 0.0005630599174524661, "nb_layers": 6}