{"batch": 44, "div_factor": 6, "dropout_rate": 0.16461667015496523, "epochs": 9, "layer_size": 29, "max_lr": 0.004045962490500238, "nb_layers": 9}