{"batch": 194, "div_factor": 8, "dropout_rate": 0.24101432099987286, "epochs": 20, "layer_size": 10, "max_lr": 0.003864013758861486, "nb_layers": 2}