{"batch": 115, "div_factor": 7, "dropout_rate": 0.0037829052052708815, "epochs": 9, "layer_size": 26, "max_lr": 0.004591152783630934, "nb_layers": 9}