{"batch": 71, "div_factor": 6, "dropout_rate": 0.2893028682119384, "epochs": 20, "layer_size": 23, "max_lr": 0.006515378610940857, "nb_layers": 7}