{"batch": 80, "div_factor": 2, "dropout_rate": 0.20585337901921383, "epochs": 17, "layer_size": 31, "max_lr": 0.0054522835415602286, "nb_layers": 10}