{"batch": 61, "div_factor": 3, "dropout_rate": 0.21351845802800315, "epochs": 14, "layer_size": 16, "max_lr": 0.001413278386302208, "nb_layers": 5}