{"batch": 34, "div_factor": 9, "dropout_rate": 0.3249753186278504, "epochs": 19, "layer_size": 9, "max_lr": 8.474377451332859e-05, "nb_layers": 6}