{"batch": 36, "div_factor": 10, "dropout_rate": 0.013417516050921632, "epochs": 18, "layer_size": 30, "max_lr": 0.003653862240554021, "nb_layers": 8}