{"batch": 35, "div_factor": 5, "dropout_rate": 0.08898717309505312, "epochs": 15, "layer_size": 26, "max_lr": 0.009290962721037183, "nb_layers": 5}