{"batch": 67, "div_factor": 5, "dropout_rate": 0.4995651762439912, "epochs": 19, "layer_size": 27, "max_lr": 0.008016509417012603, "nb_layers": 6}