{"batch": 42, "div_factor": 3, "dropout_rate": 0.2343661503140699, "epochs": 18, "layer_size": 28, "max_lr": 0.007266628494833576, "nb_layers": 2}