{"batch": 44, "div_factor": 6, "dropout_rate": 0.2988765982296766, "epochs": 19, "layer_size": 25, "max_lr": 0.007674409349912586, "nb_layers": 7}