{"batch": 33, "div_factor": 2, "dropout_rate": 0.4899494865269374, "epochs": 20, "layer_size": 24, "max_lr": 0.008972391913761518, "nb_layers": 5}