{"batch": 56, "div_factor": 3, "dropout_rate": 0.4892197630198336, "epochs": 20, "layer_size": 21, "max_lr": 0.007705079044116048, "nb_layers": 10}