{"batch": 120, "div_factor": 2, "dropout_rate": 0.3297954521549012, "epochs": 15, "layer_size": 8, "max_lr": 0.0009627486878414362, "nb_layers": 4}