{"batch": 35, "div_factor": 6, "dropout_rate": 0.023336877911945046, "epochs": 20, "layer_size": 17, "max_lr": 0.008744435557180033, "nb_layers": 3}