{"batch": 241, "div_factor": 10, "dropout_rate": 0.05011344365615056, "epochs": 10, "layer_size": 24, "max_lr": 0.00896650049255212, "nb_layers": 9}