{"batch": 71, "div_factor": 2, "dropout_rate": 0.4525713382159935, "epochs": 20, "layer_size": 20, "max_lr": 0.006959233020735018, "nb_layers": 5}