{"batch": 48, "div_factor": 7, "dropout_rate": 0.02067084136900066, "epochs": 15, "layer_size": 29, "max_lr": 0.00020536596189306986, "nb_layers": 6}