{"batch": 35, "div_factor": 7, "dropout_rate": 0.3592849386617352, "epochs": 20, "layer_size": 24, "max_lr": 0.008372339437004581, "nb_layers": 5}