{"batch": 50, "div_factor": 8, "dropout_rate": 0.12252447296263727, "epochs": 16, "layer_size": 23, "max_lr": 0.00015865844371158212, "nb_layers": 8}