{"batch": 129, "div_factor": 6, "dropout_rate": 0.27255627723666215, "epochs": 20, "layer_size": 32, "max_lr": 0.0015951405077775933, "nb_layers": 2}