{"batch": 39, "div_factor": 2, "dropout_rate": 0.2821838464129557, "epochs": 20, "layer_size": 27, "max_lr": 0.0025723432230304643, "nb_layers": 9}