{"batch": 34, "div_factor": 6, "dropout_rate": 0.21090294394298278, "epochs": 15, "layer_size": 32, "max_lr": 0.009266064752061706, "nb_layers": 10}