{"batch": 45, "div_factor": 8, "dropout_rate": 0.2835890794383026, "epochs": 7, "layer_size": 25, "max_lr": 0.0004811608850744666, "nb_layers": 7}