{"batch": 78, "div_factor": 10, "dropout_rate": 0.0679121424864627, "epochs": 12, "layer_size": 14, "max_lr": 7.635679217773244e-05, "nb_layers": 5}