{"batch": 52, "div_factor": 4, "dropout_rate": 0.00392493981631227, "epochs": 16, "layer_size": 8, "max_lr": 0.009409161738484976, "nb_layers": 3}