{"batch": 103, "div_factor": 8, "dropout_rate": 0.20671470441760534, "epochs": 16, "layer_size": 18, "max_lr": 1.6624526439031164e-05, "nb_layers": 6}