{"batch": 97, "div_factor": 5, "dropout_rate": 0.17331322901171684, "epochs": 19, "layer_size": 29, "max_lr": 0.0016852374052071153, "nb_layers": 10}