{"batch": 359, "div_factor": 7, "dropout_rate": 0.17084905743236606, "epochs": 16, "layer_size": 10, "max_lr": 0.0034912751304446363, "nb_layers": 8}