{"batch": 42, "div_factor": 4, "dropout_rate": 0.16208963274304164, "epochs": 20, "layer_size": 22, "max_lr": 0.004753295322731812, "nb_layers": 8}