{"batch": 201, "div_factor": 3, "dropout_rate": 0.3690794244828037, "epochs": 15, "layer_size": 17, "max_lr": 0.0007028748042411712, "nb_layers": 6}