{"batch": 143, "div_factor": 6, "dropout_rate": 0.23275773964643698, "epochs": 17, "layer_size": 32, "max_lr": 0.00814619991285748, "nb_layers": 4}