{"batch": 45, "div_factor": 2, "dropout_rate": 0.06698576353431898, "epochs": 19, "layer_size": 20, "max_lr": 0.005470899447755546, "nb_layers": 4}