{"batch": 37, "div_factor": 5, "dropout_rate": 0.3671235549644725, "epochs": 19, "layer_size": 18, "max_lr": 0.00013856936388689735, "nb_layers": 6}