{"batch": 54, "div_factor": 2, "dropout_rate": 0.08497121093248111, "epochs": 16, "layer_size": 31, "max_lr": 0.0077017086516513586, "nb_layers": 2}