{"batch": 118, "div_factor": 5, "dropout_rate": 0.020798657993074454, "epochs": 12, "layer_size": 25, "max_lr": 2.3770234404396627e-05, "nb_layers": 3}