{"batch": 122, "div_factor": 7, "dropout_rate": 0.498157104829491, "epochs": 19, "layer_size": 10, "max_lr": 0.00016114681837330907, "nb_layers": 3}