{"batch": 59, "div_factor": 5, "dropout_rate": 0.18887591964624045, "epochs": 9, "layer_size": 24, "max_lr": 0.0022818721334534994, "nb_layers": 4}