{"batch": 174, "div_factor": 10, "dropout_rate": 0.47547630552769704, "epochs": 19, "layer_size": 7, "max_lr": 0.009690027329656814, "nb_layers": 3}