{"batch": 87, "div_factor": 3, "dropout_rate": 0.019484523611960798, "epochs": 17, "layer_size": 29, "max_lr": 0.002640316231334746, "nb_layers": 3}