{"batch": 459, "div_factor": 8, "dropout_rate": 0.07384278910335368, "epochs": 20, "layer_size": 14, "max_lr": 0.008132408093842133, "nb_layers": 7}