{"batch": 120, "div_factor": 8, "dropout_rate": 0.4490070817308732, "epochs": 15, "layer_size": 32, "max_lr": 0.0006865101345182487, "nb_layers": 7}