{"batch": 478, "div_factor": 8, "dropout_rate": 0.31073920074988176, "epochs": 10, "layer_size": 9, "max_lr": 0.0022470076337231977, "nb_layers": 1}