{"batch": 125, "div_factor": 10, "dropout_rate": 0.17177545598851923, "epochs": 12, "layer_size": 19, "max_lr": 0.0009356868507737096, "nb_layers": 10}