{"batch": 146, "div_factor": 3, "dropout_rate": 0.4195945611293262, "epochs": 16, "layer_size": 13, "max_lr": 0.0037492188713759518, "nb_layers": 5}