{"batch": 151, "div_factor": 2, "dropout_rate": 0.3501748639668308, "epochs": 7, "layer_size": 19, "max_lr": 0.004842361438450619, "nb_layers": 10}