{"batch": 37, "div_factor": 3, "dropout_rate": 0.16966641213620692, "epochs": 18, "layer_size": 31, "max_lr": 0.009292557871754294, "nb_layers": 5}