{"batch": 209, "div_factor": 9, "dropout_rate": 0.048049203946981534, "epochs": 8, "layer_size": 28, "max_lr": 0.001390447683972652, "nb_layers": 1}