{"batch": 60, "div_factor": 8, "dropout_rate": 0.18952844803871427, "epochs": 16, "layer_size": 12, "max_lr": 0.002341868352126282, "nb_layers": 9}