{"batch": 47, "div_factor": 4, "dropout_rate": 0.4195224296297666, "epochs": 17, "layer_size": 21, "max_lr": 0.004545139823927528, "nb_layers": 3}