{"batch": 45, "div_factor": 7, "dropout_rate": 0.12377691052141508, "epochs": 19, "layer_size": 20, "max_lr": 0.0009703028591038149, "nb_layers": 9}