{"batch": 54, "div_factor": 2, "dropout_rate": 0.2467630205697723, "epochs": 18, "layer_size": 7, "max_lr": 0.00180004588081087, "nb_layers": 4}