{"batch": 40, "div_factor": 9, "dropout_rate": 0.0015457311501883867, "epochs": 18, "layer_size": 13, "max_lr": 0.002835469183964697, "nb_layers": 4}