{"batch": 58, "div_factor": 3, "dropout_rate": 0.09007931298327215, "epochs": 17, "layer_size": 11, "max_lr": 0.00144203052922403, "nb_layers": 5}