{"batch": 38, "div_factor": 5, "dropout_rate": 0.09883996241103751, "epochs": 17, "layer_size": 5, "max_lr": 0.0027021440006547138, "nb_layers": 10}