{"batch": 39, "div_factor": 2, "dropout_rate": 0.2182140906474645, "epochs": 20, "layer_size": 28, "max_lr": 0.00677419297645199, "nb_layers": 8}