{"batch": 68, "div_factor": 4, "dropout_rate": 0.43947293774404655, "epochs": 16, "layer_size": 30, "max_lr": 0.0004218946348704038, "nb_layers": 6}