{"batch": 96, "div_factor": 10, "dropout_rate": 0.43172058989096834, "epochs": 18, "layer_size": 13, "max_lr": 0.006093569979790781, "nb_layers": 7}