{"batch": 98, "div_factor": 7, "dropout_rate": 0.4519192134351872, "epochs": 17, "layer_size": 23, "max_lr": 0.00014438354593242274, "nb_layers": 6}