{"batch": 67, "div_factor": 7, "dropout_rate": 0.3053877544379604, "epochs": 20, "layer_size": 32, "max_lr": 0.0035400219151916867, "nb_layers": 4}