{"batch": 39, "div_factor": 7, "dropout_rate": 0.10686196820507621, "epochs": 20, "layer_size": 25, "max_lr": 0.004342642918216697, "nb_layers": 7}