{"batch": 48, "div_factor": 2, "dropout_rate": 0.4229388996115264, "epochs": 17, "layer_size": 26, "max_lr": 0.009931489652578474, "nb_layers": 6}