{"batch": 35, "div_factor": 6, "dropout_rate": 0.3521348743265348, "epochs": 16, "layer_size": 32, "max_lr": 0.007949537855565207, "nb_layers": 5}