{"batch": 54, "div_factor": 5, "dropout_rate": 0.39523555323155346, "epochs": 19, "layer_size": 31, "max_lr": 0.006083815225468559, "nb_layers": 4}