{"batch": 233, "div_factor": 5, "dropout_rate": 0.34347785208705234, "epochs": 12, "layer_size": 25, "max_lr": 0.0025064308027920815, "nb_layers": 10}