{"batch": 35, "div_factor": 9, "dropout_rate": 0.016862392023141118, "epochs": 15, "layer_size": 31, "max_lr": 0.009326719299317342, "nb_layers": 4}