{"batch": 44, "div_factor": 3, "dropout_rate": 0.2416019048529831, "epochs": 19, "layer_size": 30, "max_lr": 0.0003080069767224414, "nb_layers": 7}