{"batch": 47, "div_factor": 7, "dropout_rate": 0.1708832052027989, "epochs": 14, "layer_size": 30, "max_lr": 0.0022436880362599458, "nb_layers": 10}