{"batch": 54, "div_factor": 8, "dropout_rate": 0.033973326768779066, "epochs": 20, "layer_size": 16, "max_lr": 0.0022020378729021976, "nb_layers": 5}