{"batch": 41, "div_factor": 10, "dropout_rate": 0.062166118853957494, "epochs": 18, "layer_size": 11, "max_lr": 7.303729399148575e-05, "nb_layers": 5}