{"batch": 51, "div_factor": 4, "dropout_rate": 0.4200853920750582, "epochs": 20, "layer_size": 16, "max_lr": 0.006427463262562689, "nb_layers": 10}