{"batch": 34, "div_factor": 9, "dropout_rate": 0.47657352504784833, "epochs": 14, "layer_size": 13, "max_lr": 0.0021557893733008893, "nb_layers": 10}