{"batch": 81, "div_factor": 3, "dropout_rate": 0.4320659730726648, "epochs": 13, "layer_size": 20, "max_lr": 0.00827456140445068, "nb_layers": 1}