{"batch": 47, "div_factor": 8, "dropout_rate": 0.05982109691127763, "epochs": 13, "layer_size": 14, "max_lr": 0.0012969858235523592, "nb_layers": 9}