{"batch": 53, "div_factor": 9, "dropout_rate": 0.29883956016416485, "epochs": 20, "layer_size": 18, "max_lr": 0.001707801843453216, "nb_layers": 4}