{"batch": 109, "div_factor": 9, "dropout_rate": 0.08011523316007163, "epochs": 9, "layer_size": 30, "max_lr": 0.009521905545981254, "nb_layers": 5}