{"batch": 66, "div_factor": 3, "dropout_rate": 0.16815983792685524, "epochs": 16, "layer_size": 31, "max_lr": 0.0013807440775307762, "nb_layers": 5}