{"batch": 85, "div_factor": 9, "dropout_rate": 0.06707744274947006, "epochs": 18, "layer_size": 32, "max_lr": 0.005252578418541844, "nb_layers": 5}