{"batch": 56, "div_factor": 4, "dropout_rate": 0.03361166685012406, "epochs": 9, "layer_size": 14, "max_lr": 0.00967099993003279, "nb_layers": 5}