{"batch": 44, "div_factor": 6, "dropout_rate": 0.48703605873691747, "epochs": 19, "layer_size": 30, "max_lr": 0.00694467367357831, "nb_layers": 5}