{"batch": 47, "div_factor": 5, "dropout_rate": 0.07683003694603675, "epochs": 12, "layer_size": 22, "max_lr": 0.0002694153070708177, "nb_layers": 6}