{"batch": 33, "div_factor": 10, "dropout_rate": 0.058946880188542286, "epochs": 18, "layer_size": 12, "max_lr": 0.0013790460847574735, "nb_layers": 3}