{"batch": 75, "div_factor": 6, "dropout_rate": 0.017118197017062617, "epochs": 12, "layer_size": 24, "max_lr": 0.00017187642710997744, "nb_layers": 6}