{"batch": 79, "div_factor": 10, "dropout_rate": 0.16335044088413003, "epochs": 19, "grad_clip": 23.282085486612896, "layer_size": 17, "max_lr": 0.004018582413028051, "nb_layers": 9}