{"batch": 44, "div_factor": 9, "dropout_rate": 0.33477320269047556, "epochs": 17, "layer_size": 24, "max_lr": 0.007070379521451114, "nb_layers": 7}