{"batch": 40, "div_factor": 10, "dropout_rate": 0.10432040012969328, "epochs": 8, "layer_size": 31, "max_lr": 0.00024640098678083665, "nb_layers": 5}