{"batch": 38, "div_factor": 8, "dropout_rate": 0.18560580859891945, "epochs": 19, "layer_size": 10, "max_lr": 0.00012683467567636004, "nb_layers": 6}