{"batch": 71, "div_factor": 10, "dropout_rate": 0.18151932154755274, "epochs": 14, "layer_size": 27, "max_lr": 0.00014813992840265823, "nb_layers": 7}