{"batch": 60, "div_factor": 6, "dropout_rate": 0.16858240830162155, "epochs": 18, "layer_size": 15, "max_lr": 0.00394098016393015, "nb_layers": 9}