{"batch": 49, "div_factor": 5, "dropout_rate": 0.46781213962671475, "epochs": 16, "layer_size": 19, "max_lr": 0.006911169067923835, "nb_layers": 7}