{"batch": 35, "div_factor": 2, "dropout_rate": 0.46897527307014497, "epochs": 19, "layer_size": 22, "max_lr": 0.00965479504919038, "nb_layers": 6}