{"batch": 41, "div_factor": 2, "dropout_rate": 0.10858796519855182, "epochs": 7, "layer_size": 26, "max_lr": 0.004506566140370518, "nb_layers": 10}