{"batch": 65, "div_factor": 10, "dropout_rate": 0.03429822619349182, "epochs": 17, "layer_size": 21, "max_lr": 0.0004153021234174861, "nb_layers": 6}