{"batch": 43, "div_factor": 6, "dropout_rate": 0.05338306167383325, "epochs": 6, "layer_size": 15, "max_lr": 0.0002016872585418732, "nb_layers": 7}