{"batch": 390, "div_factor": 9, "dropout_rate": 0.19990084611226294, "epochs": 14, "layer_size": 32, "max_lr": 0.0010789713605359778, "nb_layers": 10}