{"batch": 324, "div_factor": 2, "dropout_rate": 0.05609871213327906, "epochs": 6, "layer_size": 16, "max_lr": 4.211162196617361e-05, "nb_layers": 5}