{"batch": 33, "div_factor": 8, "dropout_rate": 0.3154431051583325, "epochs": 17, "layer_size": 27, "max_lr": 0.0005501131147347063, "nb_layers": 7}