{"batch": 37, "div_factor": 10, "dropout_rate": 0.22290589080741624, "epochs": 16, "layer_size": 17, "max_lr": 0.00036582057676151034, "nb_layers": 7}