{"batch": 49, "div_factor": 5, "dropout_rate": 0.06272192328166214, "epochs": 20, "layer_size": 29, "max_lr": 0.0062366737069739905, "nb_layers": 8}