{"batch": 61, "div_factor": 6, "dropout_rate": 0.08227617108684059, "epochs": 19, "layer_size": 24, "max_lr": 0.004260038253285307, "nb_layers": 9}