{"batch": 43, "div_factor": 5, "dropout_rate": 0.4136675772063699, "epochs": 15, "layer_size": 31, "max_lr": 0.0013471526432681207, "nb_layers": 5}