{"batch": 71, "div_factor": 7, "dropout_rate": 0.48209508838652526, "epochs": 15, "layer_size": 21, "max_lr": 0.0002912234780752604, "nb_layers": 6}