{"batch": 37, "div_factor": 9, "dropout_rate": 0.10370653355854043, "epochs": 20, "layer_size": 31, "max_lr": 0.009080980554986278, "nb_layers": 9}