{"batch": 32, "div_factor": 10, "dropout_rate": 0.012440651781936683, "epochs": 14, "layer_size": 19, "max_lr": 0.0007220011282418224, "nb_layers": 6}