{"batch": 47, "div_factor": 10, "dropout_rate": 0.19739947760414642, "dropout_rate_scale_net": 0.09808521356190711, "epochs": 18, "grad_clip": 22.483056878348094, "layer_size": 24, "layer_size_scale_net": 7, "max_lr": 0.003961603842843117, "nb_layers": 6, "nb_layers_scale_net": 3}