{"batch": 47, "div_factor": 2, "dropout_rate": 0.21492614339862448, "epochs": 15, "layer_size": 13, "max_lr": 0.0018378957559490284, "nb_layers": 5}