{"batch": 36, "div_factor": 6, "dropout_rate": 0.043178056230956455, "epochs": 19, "layer_size": 11, "max_lr": 0.002622711229345585, "nb_layers": 9}