{"batch": 48, "div_factor": 4, "dropout_rate": 0.44042876222662275, "epochs": 19, "layer_size": 19, "max_lr": 0.0007979519738913472, "nb_layers": 2}