{"batch": 45, "div_factor": 3, "dropout_rate": 0.373915526726053, "epochs": 19, "layer_size": 5, "max_lr": 0.009571568039971973, "nb_layers": 1}