{"batch": 39, "div_factor": 3, "dropout_rate": 0.3765043674951002, "epochs": 14, "layer_size": 24, "max_lr": 0.009842438573037834, "nb_layers": 6}