{"batch": 436, "div_factor": 2, "dropout_rate": 0.08669612964733957, "epochs": 19, "layer_size": 21, "max_lr": 0.0024394160976272204, "nb_layers": 3}