{"batch": 339, "div_factor": 5, "dropout_rate": 0.09492395595137898, "epochs": 12, "layer_size": 28, "max_lr": 0.004788919367329481, "nb_layers": 2}