{"batch": 61, "div_factor": 2, "dropout_rate": 0.292671229464914, "epochs": 10, "layer_size": 9, "max_lr": 0.001352713951667933, "nb_layers": 4}