{"batch": 41, "div_factor": 7, "dropout_rate": 0.33262746118285186, "epochs": 15, "layer_size": 19, "max_lr": 0.00013346758907186194, "nb_layers": 4}