{"batch": 35, "div_factor": 3, "dropout_rate": 0.4746720494889884, "epochs": 20, "layer_size": 13, "max_lr": 0.009723498311566362, "nb_layers": 7}