{"batch": 104, "div_factor": 8, "dropout_rate": 0.11438137328644582, "epochs": 20, "layer_size": 24, "max_lr": 0.00035144992717109206, "nb_layers": 5}