{"batch": 107, "div_factor": 2, "dropout_rate": 0.07561728278347114, "epochs": 17, "layer_size": 23, "max_lr": 0.003328085747910581, "nb_layers": 8}