{"batch": 45, "div_factor": 3, "dropout_rate": 0.37719575544262085, "epochs": 16, "layer_size": 26, "max_lr": 0.0030927412311417763, "nb_layers": 7}