{"batch": 48, "div_factor": 2, "dropout_rate": 0.03551403276188007, "epochs": 19, "layer_size": 20, "max_lr": 0.005554908452366957, "nb_layers": 9}