{"batch": 45, "div_factor": 7, "dropout_rate": 0.293850094669898, "epochs": 15, "layer_size": 8, "max_lr": 0.008296971020618528, "nb_layers": 4}