{"batch": 43, "div_factor": 7, "dropout_rate": 0.08956117253461937, "epochs": 17, "layer_size": 21, "max_lr": 0.0016567423246269767, "nb_layers": 5}