{"batch": 181, "div_factor": 6, "dropout_rate": 0.32189565696693684, "epochs": 20, "layer_size": 32, "max_lr": 0.008007683644902128, "nb_layers": 6}