{"batch": 49, "div_factor": 10, "dropout_rate": 0.012572782935707738, "epochs": 16, "layer_size": 23, "max_lr": 0.0002301541830575794, "nb_layers": 4}