{"batch": 50, "div_factor": 7, "dropout_rate": 0.2351136925545922, "epochs": 17, "layer_size": 28, "max_lr": 3.6592067984515795e-05, "nb_layers": 8}