{"batch": 38, "div_factor": 3, "dropout_rate": 0.46829696228040074, "epochs": 19, "layer_size": 25, "max_lr": 0.009691114393723149, "nb_layers": 5}