{"batch": 388, "div_factor": 10, "dropout_rate": 0.4628339375418936, "epochs": 13, "layer_size": 10, "max_lr": 0.006825495467985593, "nb_layers": 4}