{"batch": 112, "div_factor": 8, "dropout_rate": 0.2895576556166647, "epochs": 5, "layer_size": 15, "max_lr": 0.004861321318643107, "nb_layers": 4}