{"batch": 32, "div_factor": 10, "dropout_rate": 0.11298741340669731, "epochs": 17, "layer_size": 26, "max_lr": 0.0009974543566913091, "nb_layers": 8}