{"batch": 312, "div_factor": 4, "dropout_rate": 0.032208069595029365, "dropout_rate_scale_net": 0.1241390306411498, "epochs": 13, "grad_clip": 34.20911793540049, "layer_size": 30, "layer_size_scale_net": 2, "max_lr": 6.572731570964429e-05, "nb_layers": 6, "nb_layers_scale_net": 6}