{"batch": 43, "div_factor": 6, "dropout_rate": 0.20485201837575562, "epochs": 15, "layer_size": 30, "max_lr": 0.0043166286179337245, "nb_layers": 8}