{"batch": 216, "div_factor": 9, "dropout_rate": 0.4627983191463305, "epochs": 20, "layer_size": 20, "max_lr": 0.008918812277812977, "nb_layers": 6}