{"batch": 61, "div_factor": 3, "dropout_rate": 0.42572599876475437, "epochs": 19, "layer_size": 30, "max_lr": 0.005629761355748877, "nb_layers": 8}