{"batch": 93, "div_factor": 8, "dropout_rate": 0.2694202101452839, "epochs": 18, "layer_size": 12, "max_lr": 8.333958216691389e-05, "nb_layers": 4}