{"batch": 143, "div_factor": 4, "dropout_rate": 0.07702005934811189, "epochs": 15, "layer_size": 27, "max_lr": 0.001748362449369556, "nb_layers": 8}