{"batch": 55, "div_factor": 10, "dropout_rate": 0.125985465546022, "epochs": 18, "layer_size": 21, "max_lr": 0.003063009780350603, "nb_layers": 7}