{"batch": 38, "div_factor": 6, "dropout_rate": 0.10589371745159185, "epochs": 16, "layer_size": 22, "max_lr": 0.008180465145012458, "nb_layers": 8}