{"batch": 53, "div_factor": 4, "dropout_rate": 0.258730688078271, "epochs": 15, "layer_size": 16, "max_lr": 0.006215031864229946, "nb_layers": 9}