{"batch": 139, "div_factor": 7, "dropout_rate": 0.23928902184914413, "epochs": 20, "layer_size": 26, "max_lr": 0.004175945007136138, "nb_layers": 8}