{"batch": 56, "div_factor": 6, "dropout_rate": 0.3637435088838895, "epochs": 19, "layer_size": 22, "max_lr": 6.317180539693002e-05, "nb_layers": 4}