{"batch": 47, "div_factor": 7, "dropout_rate": 0.49326837772059273, "epochs": 19, "layer_size": 24, "max_lr": 6.408673087209276e-05, "nb_layers": 3}