{"batch": 43, "div_factor": 9, "dropout_rate": 0.17768089851280017, "epochs": 12, "layer_size": 22, "max_lr": 0.0012425687905053293, "nb_layers": 6}