{"batch": 42, "div_factor": 7, "dropout_rate": 0.33828524922230657, "epochs": 20, "layer_size": 20, "max_lr": 0.0015139731504639846, "nb_layers": 8}