{"batch": 65, "div_factor": 6, "dropout_rate": 0.48677740248403883, "epochs": 17, "layer_size": 25, "max_lr": 0.00037240592061486686, "nb_layers": 5}