{"batch": 87, "div_factor": 2, "dropout_rate": 0.3903166516493583, "epochs": 19, "layer_size": 21, "max_lr": 0.0074026870507993454, "nb_layers": 4}