{"batch": 38, "div_factor": 2, "dropout_rate": 0.38006875759992187, "epochs": 20, "layer_size": 23, "max_lr": 0.0011799039577710078, "nb_layers": 5}