{"batch": 56, "div_factor": 7, "dropout_rate": 0.056213839229446304, "epochs": 18, "layer_size": 29, "max_lr": 0.0006322786738906686, "nb_layers": 5}