{"batch": 47, "div_factor": 10, "dropout_rate": 0.041505641649827014, "epochs": 11, "layer_size": 14, "max_lr": 0.0031354361688473893, "nb_layers": 4}