{"batch": 99, "div_factor": 3, "dropout_rate": 0.0016244444095573074, "epochs": 20, "layer_size": 32, "max_lr": 0.006438126782405215, "nb_layers": 4}