{"batch": 71, "div_factor": 9, "dropout_rate": 0.4691081875086705, "epochs": 12, "layer_size": 31, "max_lr": 0.001228231863756508, "nb_layers": 6}