{"batch": 32, "div_factor": 9, "dropout_rate": 0.024689286864101455, "epochs": 16, "layer_size": 11, "max_lr": 0.0006450754410040078, "nb_layers": 5}