{"batch": 68, "div_factor": 3, "dropout_rate": 0.33497541557831334, "epochs": 18, "layer_size": 10, "max_lr": 0.00010405506602613099, "nb_layers": 9}