{"batch": 33, "div_factor": 4, "dropout_rate": 0.20069674335225665, "epochs": 14, "layer_size": 26, "max_lr": 0.005746482180549261, "nb_layers": 10}