{"batch": 48, "div_factor": 3, "dropout_rate": 0.39902121160534754, "epochs": 19, "layer_size": 26, "max_lr": 0.006432719868675783, "nb_layers": 2}