{"batch": 42, "div_factor": 4, "dropout_rate": 0.3074512869590146, "epochs": 20, "layer_size": 28, "max_lr": 0.009054163345100012, "nb_layers": 7}