{"batch": 42, "div_factor": 2, "dropout_rate": 0.11337564759409643, "epochs": 18, "layer_size": 27, "max_lr": 0.00864622497831603, "nb_layers": 6}