{"batch": 49, "div_factor": 10, "dropout_rate": 0.337078526305045, "epochs": 14, "layer_size": 32, "max_lr": 0.0096304543692632, "nb_layers": 7}