{"batch": 32, "div_factor": 7, "dropout_rate": 0.22493012789603073, "epochs": 19, "layer_size": 14, "max_lr": 0.001871640700812749, "nb_layers": 9}