{"batch": 65, "div_factor": 9, "dropout_rate": 0.4941665768208708, "epochs": 5, "layer_size": 31, "max_lr": 0.0010903311736675189, "nb_layers": 7}