{"batch": 52, "div_factor": 7, "dropout_rate": 0.498269041377763, "epochs": 6, "layer_size": 27, "max_lr": 0.00035249913244549114, "nb_layers": 4}