{"batch": 137, "div_factor": 5, "dropout_rate": 0.2345815000549073, "epochs": 6, "layer_size": 27, "max_lr": 0.0024689465795191177, "nb_layers": 7}