{"batch": 52, "div_factor": 6, "dropout_rate": 0.04178301441281588, "epochs": 15, "layer_size": 29, "max_lr": 4.16628319092594e-05, "nb_layers": 9}