{"batch": 45, "div_factor": 6, "dropout_rate": 0.47262837805525304, "epochs": 18, "layer_size": 27, "max_lr": 0.0017438530771042553, "nb_layers": 5}