{"batch": 164, "div_factor": 10, "dropout_rate": 0.3238601423759479, "epochs": 18, "layer_size": 32, "max_lr": 0.009120689168297842, "nb_layers": 7}