{"batch": 75, "div_factor": 4, "dropout_rate": 0.44348039060870875, "epochs": 16, "layer_size": 22, "max_lr": 0.005204324221962674, "nb_layers": 5}