{"batch": 43, "div_factor": 8, "dropout_rate": 0.07324040765018738, "epochs": 14, "layer_size": 29, "max_lr": 0.004066912253331163, "nb_layers": 8}