{"batch": 34, "div_factor": 8, "dropout_rate": 0.36783879593382596, "epochs": 19, "layer_size": 18, "max_lr": 0.007260580607831098, "nb_layers": 6}