{"batch": 89, "div_factor": 4, "dropout_rate": 0.3462360596850099, "epochs": 9, "layer_size": 6, "max_lr": 0.0012107636465195574, "nb_layers": 5}