{"batch": 61, "div_factor": 8, "dropout_rate": 0.09516601556702203, "epochs": 20, "layer_size": 5, "max_lr": 0.0045684271008694525, "nb_layers": 4}