{"batch": 78, "div_factor": 10, "dropout_rate": 0.04529700513867513, "epochs": 20, "layer_size": 29, "max_lr": 0.00039266197366797967, "nb_layers": 5}