{"batch": 32, "div_factor": 7, "dropout_rate": 0.004058176859149297, "epochs": 17, "layer_size": 30, "max_lr": 0.000984763647129706, "nb_layers": 6}