{"batch": 93, "div_factor": 4, "dropout_rate": 0.006798287794808433, "epochs": 16, "layer_size": 14, "max_lr": 0.0010605329886276718, "nb_layers": 3}