{"batch": 44, "div_factor": 3, "dropout_rate": 0.23178771218240535, "epochs": 13, "layer_size": 15, "max_lr": 0.002140986653901145, "nb_layers": 5}