{"batch": 376, "div_factor": 4, "dropout_rate": 0.010053773093746776, "epochs": 7, "layer_size": 21, "max_lr": 0.00667742969583718, "nb_layers": 2}