{"batch": 81, "div_factor": 7, "dropout_rate": 0.47493257305027053, "epochs": 16, "layer_size": 29, "max_lr": 0.0004818377504440031, "nb_layers": 5}