{"batch": 51, "div_factor": 9, "dropout_rate": 0.058396783029653974, "epochs": 15, "layer_size": 19, "max_lr": 0.00261754433888398, "nb_layers": 3}