{"batch": 35, "div_factor": 2, "dropout_rate": 0.08208524465129424, "epochs": 20, "layer_size": 24, "max_lr": 0.001114856663142595, "nb_layers": 7}