{"batch": 75, "div_factor": 4, "dropout_rate": 0.007617322271586128, "epochs": 9, "layer_size": 6, "max_lr": 0.005668216320906109, "nb_layers": 3}