{"batch": 35, "div_factor": 4, "dropout_rate": 0.1436325331576181, "epochs": 19, "layer_size": 22, "max_lr": 0.009729815303445341, "nb_layers": 5}