{"batch": 80, "div_factor": 2, "dropout_rate": 0.4374224232053059, "epochs": 20, "layer_size": 27, "max_lr": 0.008549935071044516, "nb_layers": 4}