{"batch": 85, "div_factor": 5, "dropout_rate": 0.27041360348678917, "epochs": 20, "layer_size": 26, "max_lr": 0.009377913016805661, "nb_layers": 6}