{"batch": 42, "div_factor": 4, "dropout_rate": 0.27439601313897855, "epochs": 14, "layer_size": 14, "max_lr": 0.001021062161790101, "nb_layers": 6}