{"batch": 228, "div_factor": 3, "dropout_rate": 0.49470488864221573, "epochs": 20, "layer_size": 18, "max_lr": 0.009742819566052323, "nb_layers": 7}