{"batch": 413, "div_factor": 7, "dropout_rate": 0.23283401747601024, "epochs": 11, "layer_size": 15, "max_lr": 0.005096561210613129, "nb_layers": 1}