{"batch": 153, "div_factor": 3, "dropout_rate": 0.30924012975637394, "epochs": 8, "layer_size": 8, "max_lr": 0.002526890472578468, "nb_layers": 1}