{"batch": 37, "div_factor": 4, "dropout_rate": 0.41480825018749024, "epochs": 17, "layer_size": 30, "max_lr": 0.003429792082777037, "nb_layers": 4}