{"batch": 62, "div_factor": 9, "dropout_rate": 0.018870402792714222, "epochs": 18, "layer_size": 25, "max_lr": 0.00043705223911541557, "nb_layers": 6}