{"batch": 54, "div_factor": 4, "dropout_rate": 0.3528898709950324, "epochs": 14, "layer_size": 20, "max_lr": 0.00043761921305070315, "nb_layers": 7}