{"batch": 91, "div_factor": 9, "dropout_rate": 0.051652976653206874, "epochs": 17, "layer_size": 28, "max_lr": 0.0053511380624967, "nb_layers": 7}