{"batch": 67, "div_factor": 9, "dropout_rate": 0.39895010174962825, "epochs": 5, "layer_size": 22, "max_lr": 0.007401290709578094, "nb_layers": 7}