{"batch": 33, "div_factor": 10, "dropout_rate": 0.09720142723500008, "epochs": 11, "layer_size": 10, "max_lr": 0.0004158477941585634, "nb_layers": 6}