{"batch": 75, "div_factor": 8, "dropout_rate": 0.47260281896053213, "epochs": 15, "layer_size": 19, "max_lr": 0.0008774928318656639, "nb_layers": 3}