{"batch": 32, "div_factor": 9, "dropout_rate": 0.39965969272472424, "epochs": 6, "layer_size": 22, "max_lr": 0.0035186000422433627, "nb_layers": 5}