{"batch": 50, "div_factor": 7, "dropout_rate": 0.31764826263227824, "epochs": 19, "layer_size": 29, "max_lr": 0.0005338631286279407, "nb_layers": 5}