{"batch": 83, "div_factor": 9, "dropout_rate": 0.09328661816778386, "epochs": 14, "layer_size": 32, "max_lr": 0.0015222873177049572, "nb_layers": 7}