{"batch": 60, "div_factor": 8, "dropout_rate": 0.141113437243356, "epochs": 20, "layer_size": 18, "max_lr": 0.000236605309876864, "nb_layers": 7}