{"batch": 137, "div_factor": 8, "dropout_rate": 0.0769954289101373, "epochs": 10, "layer_size": 30, "max_lr": 0.007521310644432089, "nb_layers": 7}