{"batch": 109, "div_factor": 7, "dropout_rate": 0.2390645862407078, "epochs": 20, "layer_size": 32, "max_lr": 0.0015258712307137652, "nb_layers": 7}