{"batch": 57, "div_factor": 6, "dropout_rate": 0.038026346470475376, "epochs": 20, "layer_size": 10, "max_lr": 0.00032472860648184064, "nb_layers": 3}