{"batch": 71, "div_factor": 8, "dropout_rate": 0.23307473029792314, "epochs": 17, "layer_size": 20, "max_lr": 0.005832805167407736, "nb_layers": 1}