{"batch": 105, "div_factor": 5, "dropout_rate": 0.11195260395326603, "epochs": 20, "layer_size": 32, "max_lr": 0.0006246542380859597, "nb_layers": 9}