{"batch": 35, "div_factor": 7, "dropout_rate": 0.3436196238381496, "epochs": 18, "layer_size": 26, "max_lr": 0.0012193233019952283, "nb_layers": 10}