{"batch": 36, "div_factor": 3, "dropout_rate": 0.1521251127392043, "epochs": 13, "layer_size": 14, "max_lr": 0.0010140854483548405, "nb_layers": 8}