{"batch": 300, "div_factor": 9, "dropout_rate": 0.0657413996455638, "epochs": 11, "layer_size": 12, "max_lr": 0.0024612184264299194, "nb_layers": 8}