{"batch": 63, "div_factor": 8, "dropout_rate": 0.3043147241355713, "epochs": 10, "layer_size": 10, "max_lr": 0.0004858582105199547, "nb_layers": 7}