{"batch": 42, "div_factor": 9, "dropout_rate": 0.034695367094946715, "epochs": 20, "layer_size": 14, "max_lr": 0.00039366244039411384, "nb_layers": 7}