{"batch": 171, "div_factor": 4, "dropout_rate": 0.42141007140234554, "epochs": 17, "layer_size": 31, "max_lr": 0.0005172209348073163, "nb_layers": 7}