{"batch": 42, "div_factor": 6, "dropout_rate": 0.2600677925886734, "epochs": 11, "layer_size": 29, "max_lr": 0.005892390157001059, "nb_layers": 7}