{"batch": 48, "div_factor": 10, "dropout_rate": 0.008164251341853945, "epochs": 18, "layer_size": 14, "max_lr": 0.0025942538282251832, "nb_layers": 4}