{"batch": 66, "div_factor": 8, "dropout_rate": 0.41388994564588955, "epochs": 16, "layer_size": 21, "max_lr": 0.0005904604642392712, "nb_layers": 2}