{"batch": 62, "div_factor": 6, "dropout_rate": 0.16907947591842282, "epochs": 14, "layer_size": 29, "max_lr": 0.0028244837564819513, "nb_layers": 10}