{"batch": 55, "div_factor": 5, "dropout_rate": 0.013189900205002478, "epochs": 17, "layer_size": 23, "max_lr": 0.005517587061647081, "nb_layers": 10}