{"batch": 41, "div_factor": 7, "dropout_rate": 0.025283394303979488, "epochs": 17, "layer_size": 13, "max_lr": 9.704905061881479e-05, "nb_layers": 3}