{"batch": 45, "div_factor": 10, "dropout_rate": 0.035439951183309136, "epochs": 16, "layer_size": 10, "max_lr": 0.0008313276567434558, "nb_layers": 2}