{"batch": 34, "div_factor": 3, "dropout_rate": 0.4533038917604063, "epochs": 20, "layer_size": 25, "max_lr": 0.007151230083808456, "nb_layers": 2}