{"batch": 34, "div_factor": 9, "dropout_rate": 0.3298480906434686, "epochs": 19, "layer_size": 24, "max_lr": 0.00017927334692823243, "nb_layers": 7}