{"batch": 58, "div_factor": 5, "dropout_rate": 0.248123166778645, "epochs": 13, "layer_size": 16, "max_lr": 0.007364883403424163, "nb_layers": 4}