{"batch": 34, "div_factor": 4, "dropout_rate": 0.11644265627933721, "epochs": 20, "layer_size": 32, "max_lr": 0.009600830815252436, "nb_layers": 5}