{"batch": 34, "div_factor": 9, "dropout_rate": 0.4230034642769672, "epochs": 20, "layer_size": 20, "max_lr": 9.658273376326733e-05, "nb_layers": 7}