{"batch": 39, "div_factor": 5, "dropout_rate": 0.004547023402340481, "epochs": 18, "layer_size": 22, "max_lr": 0.006558903763378856, "nb_layers": 9}