{"batch": 45, "div_factor": 10, "dropout_rate": 0.08013014408441113, "epochs": 16, "layer_size": 20, "max_lr": 0.00011230310949313202, "nb_layers": 6}