{"batch": 387, "div_factor": 10, "dropout_rate": 0.15222318217368913, "epochs": 19, "layer_size": 19, "max_lr": 0.0006201745852972056, "nb_layers": 7}