{"batch": 41, "div_factor": 7, "dropout_rate": 0.07473670773848325, "epochs": 13, "layer_size": 29, "max_lr": 0.0029368598320703107, "nb_layers": 10}