{"batch": 40, "div_factor": 10, "dropout_rate": 0.0012194634940493774, "epochs": 20, "layer_size": 21, "max_lr": 0.0007041473406088805, "nb_layers": 4}