{"batch": 57, "div_factor": 10, "dropout_rate": 0.10803189363702675, "epochs": 5, "layer_size": 8, "max_lr": 4.405512973306446e-05, "nb_layers": 5}