{"batch": 44, "div_factor": 10, "dropout_rate": 0.2113655916040748, "epochs": 19, "layer_size": 19, "max_lr": 0.0033409273554232885, "nb_layers": 8}