{"batch": 32, "div_factor": 9, "dropout_rate": 0.2726735995169548, "epochs": 13, "layer_size": 19, "max_lr": 0.00023119835396136733, "nb_layers": 5}