{"batch": 35, "div_factor": 6, "dropout_rate": 0.07860082047963117, "epochs": 19, "layer_size": 32, "max_lr": 0.009496388349749084, "nb_layers": 7}