{"batch": 500, "div_factor": 9, "dropout_rate": 0.19397467747999053, "epochs": 8, "layer_size": 29, "max_lr": 0.008670053639831244, "nb_layers": 3}