{"batch": 41, "div_factor": 3, "dropout_rate": 0.16136545458660834, "epochs": 18, "layer_size": 28, "max_lr": 0.00973705841766858, "nb_layers": 5}