{"batch": 32, "div_factor": 7, "dropout_rate": 0.1426320551044454, "epochs": 14, "layer_size": 29, "max_lr": 0.004442387254010987, "nb_layers": 9}