{"batch": 65, "div_factor": 2, "dropout_rate": 0.442819087291374, "epochs": 20, "layer_size": 28, "max_lr": 0.007783122636334756, "nb_layers": 7}