{"batch": 58, "div_factor": 5, "dropout_rate": 0.43625137407177755, "epochs": 20, "layer_size": 10, "max_lr": 0.0012930110887396367, "nb_layers": 4}