{"batch": 97, "div_factor": 6, "dropout_rate": 0.22597258262401493, "epochs": 18, "layer_size": 18, "max_lr": 3.813197137658733e-05, "nb_layers": 6}