{"batch": 83, "div_factor": 10, "dropout_rate": 0.32705613581257686, "epochs": 9, "layer_size": 31, "max_lr": 0.0019263775903456647, "nb_layers": 7}