{"batch": 60, "div_factor": 6, "dropout_rate": 0.2040343405841303, "epochs": 16, "layer_size": 19, "max_lr": 0.005393303649087027, "nb_layers": 9}