{"batch": 43, "div_factor": 2, "dropout_rate": 0.4273126583158486, "epochs": 16, "layer_size": 21, "max_lr": 0.0003949156966526642, "nb_layers": 6}