{"batch": 35, "div_factor": 2, "dropout_rate": 0.44188874104075115, "epochs": 13, "layer_size": 25, "max_lr": 0.008743334727678926, "nb_layers": 5}