{"batch": 50, "div_factor": 4, "dropout_rate": 0.10675957090975816, "epochs": 9, "layer_size": 26, "max_lr": 0.00013361350900288924, "nb_layers": 9}