{"batch": 52, "div_factor": 6, "dropout_rate": 0.18380541986738516, "epochs": 10, "layer_size": 15, "max_lr": 0.0010531042282749415, "nb_layers": 5}