{"batch": 35, "div_factor": 4, "dropout_rate": 0.2165831455329339, "epochs": 17, "layer_size": 30, "max_lr": 0.0004123448033725197, "nb_layers": 4}