{"batch": 34, "div_factor": 10, "dropout_rate": 0.006642537030896829, "epochs": 15, "layer_size": 21, "max_lr": 0.0015522073433893854, "nb_layers": 6}