{"batch": 53, "div_factor": 10, "dropout_rate": 0.023141518451848895, "epochs": 17, "layer_size": 13, "max_lr": 0.0010933065284923626, "nb_layers": 6}