{"batch": 54, "div_factor": 9, "dropout_rate": 0.4159793029255557, "epochs": 18, "layer_size": 31, "max_lr": 0.004925454739219117, "nb_layers": 6}