{"batch": 103, "div_factor": 6, "dropout_rate": 0.004076330975890611, "epochs": 20, "layer_size": 29, "max_lr": 0.006096868257775806, "nb_layers": 6}