{"batch": 35, "div_factor": 6, "dropout_rate": 0.2615495137005455, "epochs": 15, "layer_size": 30, "max_lr": 0.004168732529562831, "nb_layers": 10}