{"batch": 45, "div_factor": 5, "dropout_rate": 0.4877306571283244, "epochs": 17, "layer_size": 18, "max_lr": 0.00012039332148316539, "nb_layers": 8}