{"batch": 35, "div_factor": 2, "dropout_rate": 0.25173683587904583, "epochs": 20, "layer_size": 31, "max_lr": 0.00959386123244274, "nb_layers": 7}