{"batch": 52, "div_factor": 3, "dropout_rate": 0.3011415027236035, "epochs": 20, "layer_size": 24, "max_lr": 0.009362258394856228, "nb_layers": 6}