{"batch": 68, "div_factor": 8, "dropout_rate": 0.02997214912478663, "epochs": 12, "layer_size": 6, "max_lr": 0.006614563939965914, "nb_layers": 3}