{"batch": 36, "div_factor": 7, "dropout_rate": 0.07732378011245358, "epochs": 12, "layer_size": 24, "max_lr": 0.009805392535642572, "nb_layers": 6}