{"batch": 48, "div_factor": 10, "dropout_rate": 0.034698966433869605, "epochs": 20, "layer_size": 20, "max_lr": 0.00445173488486942, "nb_layers": 3}