{"batch": 35, "div_factor": 2, "dropout_rate": 0.14608528665198717, "epochs": 20, "layer_size": 29, "max_lr": 0.006877782089048335, "nb_layers": 6}