{"batch": 46, "div_factor": 7, "dropout_rate": 0.43855829541750807, "epochs": 16, "layer_size": 27, "max_lr": 0.0002742385950745314, "nb_layers": 5}