{"batch": 92, "div_factor": 9, "dropout_rate": 0.012435930772038542, "epochs": 11, "layer_size": 6, "max_lr": 0.0048524812669065625, "nb_layers": 1}