{"batch": 62, "div_factor": 9, "dropout_rate": 0.019629150979442712, "epochs": 18, "layer_size": 22, "max_lr": 0.0004986112094020062, "nb_layers": 6}