{"batch": 110, "div_factor": 9, "dropout_rate": 0.18545402021807408, "epochs": 13, "layer_size": 29, "max_lr": 0.002837815807888508, "nb_layers": 10}