{"batch": 45, "div_factor": 8, "dropout_rate": 0.32741279490892694, "epochs": 18, "layer_size": 27, "max_lr": 0.0012101968364686751, "nb_layers": 7}