{"batch": 283, "div_factor": 2, "dropout_rate": 0.15928447622566183, "epochs": 9, "layer_size": 31, "max_lr": 0.005670348527523686, "nb_layers": 6}