{"batch": 38, "div_factor": 2, "dropout_rate": 0.32155129969332275, "epochs": 18, "layer_size": 20, "max_lr": 0.007037428499426006, "nb_layers": 4}