{"batch": 72, "div_factor": 9, "dropout_rate": 0.2607890866348706, "epochs": 19, "layer_size": 8, "max_lr": 0.009798314827546202, "nb_layers": 6}