{"batch": 40, "div_factor": 4, "dropout_rate": 0.3310632007201987, "epochs": 18, "layer_size": 26, "max_lr": 0.00971012905003608, "nb_layers": 5}