{"batch": 111, "div_factor": 7, "dropout_rate": 0.4860907200796348, "epochs": 15, "layer_size": 28, "max_lr": 0.0003502923713637789, "nb_layers": 6}