{"batch": 61, "div_factor": 6, "dropout_rate": 0.3942881667364332, "epochs": 11, "layer_size": 29, "max_lr": 0.004082528948073616, "nb_layers": 7}