{"batch": 37, "div_factor": 9, "dropout_rate": 0.27948122198602776, "epochs": 17, "layer_size": 21, "max_lr": 0.0078082338553841606, "nb_layers": 10}