{"batch": 47, "div_factor": 5, "dropout_rate": 0.4585514060141022, "epochs": 19, "layer_size": 22, "max_lr": 0.005957474054316655, "nb_layers": 5}