{"batch": 84, "div_factor": 4, "dropout_rate": 0.2869354932455569, "epochs": 20, "layer_size": 32, "max_lr": 0.004239191460676695, "nb_layers": 7}