{"batch": 62, "div_factor": 10, "dropout_rate": 0.03559053039777309, "epochs": 13, "layer_size": 18, "max_lr": 0.0013695035953382544, "nb_layers": 4}