{"batch": 68, "div_factor": 5, "dropout_rate": 0.4083646531086734, "epochs": 19, "layer_size": 28, "max_lr": 0.007238969104358281, "nb_layers": 3}