{"batch": 60, "div_factor": 6, "dropout_rate": 0.10170984900681083, "epochs": 15, "layer_size": 27, "max_lr": 0.004222202724973069, "nb_layers": 6}