{"batch": 40, "div_factor": 5, "dropout_rate": 0.08275312953017136, "epochs": 16, "layer_size": 22, "max_lr": 0.008575671744089155, "nb_layers": 8}