{"batch": 46, "div_factor": 10, "dropout_rate": 0.023801486627547587, "epochs": 16, "layer_size": 9, "max_lr": 0.0028348900520765202, "nb_layers": 5}