{"batch": 56, "div_factor": 7, "dropout_rate": 0.26473632166877237, "epochs": 11, "layer_size": 5, "max_lr": 0.0017700991016545771, "nb_layers": 5}