{"batch": 34, "div_factor": 10, "dropout_rate": 0.1699288892771236, "epochs": 20, "layer_size": 20, "max_lr": 0.0004761143899908132, "nb_layers": 5}