{"batch": 56, "div_factor": 4, "dropout_rate": 0.28885716919698534, "epochs": 19, "layer_size": 25, "max_lr": 0.006978649950360606, "nb_layers": 6}