{"batch": 407, "div_factor": 3, "dropout_rate": 0.47233445852479194, "epochs": 12, "layer_size": 9, "max_lr": 0.007993594056525069, "nb_layers": 7}