{"batch": 435, "div_factor": 4, "dropout_rate": 0.04353742300995214, "epochs": 5, "layer_size": 15, "max_lr": 0.0005470826134870482, "nb_layers": 7}