{"batch": 59, "div_factor": 3, "dropout_rate": 0.11023425645407774, "epochs": 14, "layer_size": 28, "max_lr": 0.005574697797481931, "nb_layers": 10}