{"batch": 44, "div_factor": 10, "dropout_rate": 0.10943385650428451, "epochs": 18, "layer_size": 11, "max_lr": 0.004359887045257461, "nb_layers": 6}