{"batch": 63, "div_factor": 3, "dropout_rate": 0.4494984718699689, "epochs": 18, "layer_size": 23, "max_lr": 0.003079212500565652, "nb_layers": 6}