{"batch": 133, "div_factor": 2, "dropout_rate": 0.27737640537223585, "epochs": 14, "layer_size": 28, "max_lr": 0.005209715390299371, "nb_layers": 10}