{"batch": 329, "div_factor": 2, "dropout_rate": 0.4909146949091266, "epochs": 18, "layer_size": 9, "max_lr": 0.0029372726422328896, "nb_layers": 4}