{"batch": 42, "div_factor": 7, "dropout_rate": 0.4674993051207928, "epochs": 18, "layer_size": 20, "max_lr": 0.00047534131547548216, "nb_layers": 7}