{"batch": 37, "div_factor": 9, "dropout_rate": 0.010051061879271033, "epochs": 13, "layer_size": 17, "max_lr": 0.0003316672031213136, "nb_layers": 6}