{"batch": 52, "div_factor": 5, "dropout_rate": 0.23709486222632464, "epochs": 17, "layer_size": 20, "max_lr": 4.307457130002046e-05, "nb_layers": 5}