{"batch": 45, "div_factor": 6, "dropout_rate": 0.07304548573060832, "epochs": 18, "layer_size": 16, "max_lr": 0.002202210014937439, "nb_layers": 9}