{"batch": 51, "div_factor": 9, "dropout_rate": 0.24513711973906704, "epochs": 20, "layer_size": 11, "max_lr": 0.0009776451631497828, "nb_layers": 10}