{"batch": 96, "div_factor": 10, "dropout_rate": 0.2067310807427591, "epochs": 18, "layer_size": 29, "max_lr": 0.000456061380508611, "nb_layers": 3}