{"batch": 430, "div_factor": 2, "dropout_rate": 0.36759701106129744, "epochs": 5, "grad_clip": 96.21923262629265, "layer_size": 12, "max_lr": 0.00586926421875273, "nb_layers": 7}