{"batch": 32, "div_factor": 4, "dropout_rate": 0.4607130808123616, "epochs": 20, "layer_size": 27, "max_lr": 0.008694294381968054, "nb_layers": 3}