{"batch": 32, "div_factor": 3, "dropout_rate": 0.4928861548910835, "epochs": 19, "layer_size": 26, "max_lr": 0.008730475176992592, "nb_layers": 5}