{"batch": 73, "div_factor": 10, "dropout_rate": 0.018792374971381004, "epochs": 10, "layer_size": 27, "max_lr": 0.00020740590542067368, "nb_layers": 6}