{"batch": 45, "div_factor": 10, "dropout_rate": 0.36698857652848843, "epochs": 5, "layer_size": 24, "max_lr": 0.004633552620128259, "nb_layers": 10}