{"batch": 55, "div_factor": 6, "dropout_rate": 0.4958372637234599, "epochs": 19, "layer_size": 18, "max_lr": 0.00014666584816653633, "nb_layers": 6}