{"batch": 38, "div_factor": 10, "dropout_rate": 0.1735503524203975, "epochs": 19, "layer_size": 21, "max_lr": 0.0005236434435222815, "nb_layers": 5}