{"batch": 85, "div_factor": 5, "dropout_rate": 0.17486375141231525, "epochs": 20, "layer_size": 26, "max_lr": 0.00983202932343049, "nb_layers": 10}