{"batch": 61, "div_factor": 9, "dropout_rate": 0.04621682031825137, "epochs": 12, "layer_size": 23, "max_lr": 0.00513914083879085, "nb_layers": 1}