{"batch": 215, "div_factor": 6, "dropout_rate": 0.0987824825268436, "epochs": 5, "layer_size": 28, "max_lr": 0.0004678899766236482, "nb_layers": 10}