{"batch": 35, "div_factor": 8, "dropout_rate": 0.16417028277618673, "epochs": 12, "layer_size": 25, "max_lr": 0.00025221726320372466, "nb_layers": 5}