{"batch": 42, "div_factor": 5, "dropout_rate": 0.027161782961789102, "epochs": 14, "layer_size": 25, "max_lr": 0.0016225589238547172, "nb_layers": 10}