{"batch": 69, "div_factor": 4, "dropout_rate": 0.02523272914428034, "epochs": 19, "layer_size": 26, "max_lr": 0.006689468568777821, "nb_layers": 10}