{"batch": 67, "div_factor": 4, "dropout_rate": 0.47791111718978485, "epochs": 18, "layer_size": 26, "max_lr": 0.00806167009127105, "nb_layers": 3}