{"batch": 48, "div_factor": 6, "dropout_rate": 0.34985551680640237, "epochs": 9, "layer_size": 26, "max_lr": 0.0005950968585109308, "nb_layers": 5}