{"batch": 50, "div_factor": 7, "dropout_rate": 0.08826496745451648, "epochs": 19, "layer_size": 14, "max_lr": 0.0006214793979112494, "nb_layers": 6}