{"batch": 120, "div_factor": 2, "dropout_rate": 0.1764953026647945, "epochs": 13, "layer_size": 31, "max_lr": 0.0024653638309153104, "nb_layers": 10}