{"batch": 32, "div_factor": 5, "dropout_rate": 0.09145447993542041, "epochs": 8, "layer_size": 21, "max_lr": 0.00016525291494349977, "nb_layers": 8}