{"batch": 62, "div_factor": 5, "dropout_rate": 0.05354617232582709, "epochs": 13, "layer_size": 19, "max_lr": 0.0015380292608058652, "nb_layers": 4}