{"batch": 66, "div_factor": 5, "dropout_rate": 0.41561815073081365, "epochs": 18, "layer_size": 29, "max_lr": 0.00845079222219388, "nb_layers": 3}