{"batch": 244, "div_factor": 4, "dropout_rate": 0.16421269194843435, "epochs": 16, "layer_size": 11, "max_lr": 0.0011198411424891983, "nb_layers": 8}