{"batch": 108, "div_factor": 7, "dropout_rate": 0.21201612594492097, "epochs": 18, "layer_size": 6, "max_lr": 0.009089348746943256, "nb_layers": 4}