{"batch": 71, "div_factor": 2, "dropout_rate": 0.2437590341762316, "epochs": 15, "layer_size": 12, "max_lr": 0.000681750895628273, "nb_layers": 6}