{"batch": 37, "div_factor": 3, "dropout_rate": 0.16166501457362686, "epochs": 14, "layer_size": 9, "max_lr": 0.009699256153377247, "nb_layers": 8}