{"batch": 62, "div_factor": 7, "dropout_rate": 0.06108626370175494, "epochs": 15, "layer_size": 26, "max_lr": 0.00910096893741815, "nb_layers": 7}