{"batch": 47, "div_factor": 3, "dropout_rate": 0.23619464019827607, "epochs": 18, "layer_size": 28, "max_lr": 0.007871185865514526, "nb_layers": 6}