{"batch": 44, "div_factor": 7, "dropout_rate": 0.1279597618871216, "epochs": 14, "layer_size": 23, "max_lr": 0.0005258307988800165, "nb_layers": 5}