{"batch": 81, "div_factor": 8, "dropout_rate": 0.4978202539324871, "epochs": 10, "layer_size": 29, "max_lr": 0.0003408437965008501, "nb_layers": 8}