{"batch": 33, "div_factor": 2, "dropout_rate": 0.2504039430355354, "epochs": 12, "layer_size": 17, "max_lr": 0.0020516258483615425, "nb_layers": 6}