{"batch": 37, "div_factor": 4, "dropout_rate": 0.22623046318103596, "epochs": 19, "layer_size": 29, "max_lr": 0.006995164376871208, "nb_layers": 4}