{"batch": 42, "div_factor": 6, "dropout_rate": 0.014954339956193365, "epochs": 20, "layer_size": 28, "max_lr": 0.0020234172153713497, "nb_layers": 7}