{"batch": 324, "div_factor": 6, "dropout_rate": 0.25725637164937837, "epochs": 6, "layer_size": 11, "max_lr": 0.006806683173489866, "nb_layers": 3}