{"batch": 112, "div_factor": 2, "dropout_rate": 0.32557450669331117, "epochs": 14, "layer_size": 18, "max_lr": 0.009756101821831072, "nb_layers": 7}