{"batch": 49, "div_factor": 10, "dropout_rate": 0.1430829669289878, "epochs": 12, "layer_size": 14, "max_lr": 0.0011459114569054415, "nb_layers": 6}