{"batch": 54, "div_factor": 10, "dropout_rate": 0.22946303163892703, "epochs": 10, "layer_size": 32, "max_lr": 0.00023172541506187342, "nb_layers": 3}