{"batch": 42, "div_factor": 8, "dropout_rate": 0.2908242144839134, "epochs": 20, "layer_size": 28, "max_lr": 0.00017082556394834738, "nb_layers": 4}