{"batch": 380, "div_factor": 5, "dropout_rate": 0.34981102712525836, "epochs": 12, "layer_size": 24, "max_lr": 0.008821593688196598, "nb_layers": 10}