{"batch": 65, "div_factor": 6, "dropout_rate": 0.3224709862162814, "epochs": 19, "layer_size": 24, "max_lr": 0.0007391606407799974, "nb_layers": 4}