{"batch": 49, "div_factor": 3, "dropout_rate": 0.34190209407902666, "epochs": 20, "layer_size": 23, "max_lr": 0.008563468761611714, "nb_layers": 3}