{"batch": 35, "div_factor": 6, "dropout_rate": 0.24298617883046816, "epochs": 19, "layer_size": 32, "max_lr": 0.003908446295473976, "nb_layers": 10}