{"batch": 35, "div_factor": 10, "dropout_rate": 0.08196997799808298, "epochs": 20, "layer_size": 32, "max_lr": 0.008092466411759897, "nb_layers": 8}