{"batch": 99, "div_factor": 5, "dropout_rate": 0.13215830262951203, "epochs": 18, "layer_size": 28, "max_lr": 0.0034613016871813244, "nb_layers": 10}