{"batch": 47, "div_factor": 2, "dropout_rate": 0.06069339793796369, "epochs": 15, "layer_size": 13, "max_lr": 0.002809048077397914, "nb_layers": 7}