{"batch": 71, "div_factor": 5, "dropout_rate": 0.02671359089341263, "epochs": 10, "layer_size": 8, "max_lr": 0.007742732853659401, "nb_layers": 3}