{"batch": 83, "div_factor": 9, "dropout_rate": 0.4026962003297535, "epochs": 19, "layer_size": 27, "max_lr": 0.00027198387874665373, "nb_layers": 3}