{"batch": 208, "div_factor": 4, "dropout_rate": 0.05124939992975634, "dropout_rate_scale_net": 0.417593334075497, "epochs": 12, "grad_clip": 13.927013743929782, "layer_size": 10, "layer_size_scale_net": 2, "max_lr": 0.001307298587185471, "nb_layers": 6, "nb_layers_scale_net": 6}