{"batch": 33, "div_factor": 6, "dropout_rate": 0.4394965680327389, "epochs": 19, "layer_size": 21, "max_lr": 0.0011408015672879398, "nb_layers": 7}