{"batch": 66, "div_factor": 4, "dropout_rate": 0.19024102830485212, "epochs": 18, "layer_size": 14, "max_lr": 0.00103017303364089, "nb_layers": 5}