{"batch": 65, "div_factor": 3, "dropout_rate": 0.17633443310900473, "epochs": 13, "layer_size": 11, "max_lr": 0.00038914459960184887, "nb_layers": 4}