{"batch": 43, "div_factor": 2, "dropout_rate": 0.22481181584891058, "epochs": 19, "layer_size": 31, "max_lr": 0.0096572701508388, "nb_layers": 6}