{"batch": 492, "div_factor": 3, "dropout_rate": 0.2284557108228829, "epochs": 11, "layer_size": 20, "max_lr": 0.0012973170490085389, "nb_layers": 10}