{"batch": 37, "div_factor": 5, "dropout_rate": 0.4781846944135236, "epochs": 19, "layer_size": 26, "max_lr": 0.0013827673587209883, "nb_layers": 4}