{"batch": 281, "div_factor": 7, "dropout_rate": 0.46728177127671283, "epochs": 19, "layer_size": 23, "max_lr": 0.008691114296832036, "nb_layers": 9}