{"batch": 32, "div_factor": 3, "dropout_rate": 0.1496113688095924, "epochs": 14, "layer_size": 26, "max_lr": 0.005936248172130185, "nb_layers": 4}