{"batch": 97, "div_factor": 2, "dropout_rate": 0.09232019439176839, "epochs": 12, "layer_size": 28, "max_lr": 0.002563544285180161, "nb_layers": 3}