{"batch": 47, "div_factor": 3, "dropout_rate": 0.3966953432993655, "epochs": 15, "layer_size": 25, "max_lr": 0.005094602874482772, "nb_layers": 8}