{"batch": 425, "div_factor": 5, "dropout_rate": 0.10964999154632347, "epochs": 12, "layer_size": 19, "max_lr": 0.0035669782895734817, "nb_layers": 1}