{"batch": 362, "div_factor": 3, "dropout_rate": 0.12697082129751291, "epochs": 20, "layer_size": 25, "max_lr": 0.0018645030836164627, "nb_layers": 10}