{"batch": 54, "div_factor": 9, "dropout_rate": 0.15749018593863995, "epochs": 17, "layer_size": 30, "max_lr": 0.00735192075503964, "nb_layers": 8}