{"batch": 41, "div_factor": 7, "dropout_rate": 0.43089271326017353, "epochs": 20, "layer_size": 21, "max_lr": 0.008572989399735796, "nb_layers": 7}