{"batch": 37, "div_factor": 6, "dropout_rate": 0.08869702650171243, "epochs": 19, "layer_size": 31, "max_lr": 0.00920578045626309, "nb_layers": 5}