{"batch": 38, "div_factor": 8, "dropout_rate": 0.29910568710825475, "epochs": 5, "layer_size": 13, "max_lr": 0.0005722203455629168, "nb_layers": 7}