{"batch": 40, "div_factor": 7, "dropout_rate": 0.12207099331987886, "epochs": 19, "layer_size": 16, "max_lr": 0.0003631401785922512, "nb_layers": 5}