{"batch": 46, "div_factor": 10, "dropout_rate": 0.4069159895790111, "epochs": 11, "layer_size": 22, "max_lr": 0.0003780827714146718, "nb_layers": 5}