{"batch": 45, "div_factor": 6, "dropout_rate": 0.3897460587938961, "epochs": 15, "layer_size": 27, "max_lr": 0.0012198818428648312, "nb_layers": 7}