{"batch": 63, "div_factor": 8, "dropout_rate": 0.02494563443999678, "epochs": 18, "layer_size": 15, "max_lr": 0.0006925155650851715, "nb_layers": 3}