{"batch": 43, "div_factor": 10, "dropout_rate": 0.02207520039634922, "epochs": 14, "layer_size": 12, "max_lr": 0.0013698462483286067, "nb_layers": 4}