{"batch": 66, "div_factor": 10, "dropout_rate": 0.19664906218153966, "epochs": 15, "layer_size": 28, "max_lr": 0.006196085609105577, "nb_layers": 9}