{"batch": 239, "div_factor": 6, "dropout_rate": 0.05866024019240551, "epochs": 8, "layer_size": 31, "max_lr": 0.0006357336705674996, "nb_layers": 8}