{"batch": 54, "div_factor": 4, "dropout_rate": 0.4927457138216488, "epochs": 19, "layer_size": 27, "max_lr": 0.00828828257641182, "nb_layers": 4}