{"batch": 248, "div_factor": 4, "dropout_rate": 0.061512873782085434, "epochs": 18, "layer_size": 25, "max_lr": 0.007070939566644199, "nb_layers": 2}