{"batch": 59, "div_factor": 8, "dropout_rate": 0.0855174142015811, "epochs": 16, "layer_size": 28, "max_lr": 0.0016931882495565044, "nb_layers": 7}