{"batch": 33, "div_factor": 2, "dropout_rate": 0.11097894076885206, "epochs": 20, "layer_size": 30, "max_lr": 0.009377001865772198, "nb_layers": 9}