{"batch": 53, "div_factor": 8, "dropout_rate": 0.49833044729330833, "epochs": 13, "layer_size": 26, "max_lr": 0.00034465783349996333, "nb_layers": 3}