{"batch": 151, "div_factor": 8, "dropout_rate": 0.3194053685196367, "epochs": 20, "layer_size": 11, "max_lr": 0.009994481792697418, "nb_layers": 4}