{"batch": 38, "div_factor": 7, "dropout_rate": 0.3526768630172017, "epochs": 15, "layer_size": 21, "max_lr": 0.0002647002283165008, "nb_layers": 7}