{"batch": 51, "div_factor": 2, "dropout_rate": 0.0925221557825445, "epochs": 18, "layer_size": 13, "max_lr": 0.0011280634445304748, "nb_layers": 7}