{"batch": 44, "div_factor": 7, "dropout_rate": 0.02926546026579263, "epochs": 15, "layer_size": 11, "max_lr": 2.6520987113465928e-05, "nb_layers": 6}