{"batch": 444, "div_factor": 5, "dropout_rate": 0.04848076025547249, "epochs": 8, "layer_size": 20, "max_lr": 0.0007672714144869103, "nb_layers": 3}