{"batch": 48, "div_factor": 9, "dropout_rate": 0.003173042966104613, "epochs": 18, "layer_size": 24, "max_lr": 0.0034936448560548886, "nb_layers": 7}