{"batch": 39, "div_factor": 7, "dropout_rate": 0.4850724781304729, "epochs": 18, "layer_size": 32, "max_lr": 0.0018675968743236291, "nb_layers": 3}