{"batch": 38, "div_factor": 8, "dropout_rate": 0.47646191089708223, "epochs": 20, "layer_size": 24, "max_lr": 0.00033039493553896744, "nb_layers": 3}