{"batch": 63, "div_factor": 4, "dropout_rate": 0.27544794192935634, "epochs": 10, "layer_size": 7, "max_lr": 0.0012779452525379666, "nb_layers": 5}