{"batch": 103, "div_factor": 9, "dropout_rate": 0.014271792635766313, "epochs": 12, "layer_size": 15, "max_lr": 0.0022348753464640856, "nb_layers": 4}