{"batch": 383, "div_factor": 10, "dropout_rate": 0.40288896029994525, "epochs": 17, "layer_size": 5, "max_lr": 0.009155430568184502, "nb_layers": 4}