{"batch": 65, "div_factor": 2, "dropout_rate": 0.25247980171005785, "epochs": 20, "layer_size": 24, "max_lr": 0.009306910803492262, "nb_layers": 1}