{"batch": 38, "div_factor": 7, "dropout_rate": 0.48286703067096115, "epochs": 8, "layer_size": 23, "max_lr": 0.00047235689285770455, "nb_layers": 9}