{"batch": 47, "div_factor": 8, "dropout_rate": 0.08247977696008968, "epochs": 14, "layer_size": 31, "max_lr": 0.000856202784354429, "nb_layers": 5}