{"batch": 50, "div_factor": 3, "dropout_rate": 0.4012650965899617, "epochs": 20, "layer_size": 20, "max_lr": 0.0016249639347315314, "nb_layers": 4}