{"batch": 92, "div_factor": 4, "dropout_rate": 0.352429883796109, "epochs": 19, "layer_size": 30, "max_lr": 0.009797196917631694, "nb_layers": 6}