{"batch": 122, "div_factor": 3, "dropout_rate": 0.06843948694551494, "dropout_rate_scale_net": 0.144943194856161, "epochs": 14, "grad_clip": 9.798742380694978, "layer_size": 22, "layer_size_scale_net": 2, "max_lr": 0.002083819633628856, "nb_layers": 9, "nb_layers_scale_net": 5}