{"batch": 41, "div_factor": 9, "dropout_rate": 0.489309171116382, "epochs": 6, "layer_size": 29, "max_lr": 0.0007196502213968906, "nb_layers": 8}