{"batch": 63, "div_factor": 5, "dropout_rate": 0.2818045030400207, "epochs": 18, "layer_size": 32, "max_lr": 0.0024936134206167042, "nb_layers": 10}