{"batch": 65, "div_factor": 8, "dropout_rate": 0.08855310014526377, "epochs": 20, "layer_size": 10, "max_lr": 0.006430912540226054, "nb_layers": 4}