{"batch": 53, "div_factor": 3, "dropout_rate": 0.23218477533989693, "epochs": 20, "layer_size": 32, "max_lr": 0.000526800878773434, "nb_layers": 9}