{"batch": 33, "div_factor": 7, "dropout_rate": 0.21483025733301497, "epochs": 14, "layer_size": 29, "max_lr": 0.004197200265349195, "nb_layers": 10}