{"batch": 316, "div_factor": 7, "dropout_rate": 0.21570921771698698, "epochs": 14, "layer_size": 23, "max_lr": 0.0029898404363007474, "nb_layers": 7}