{"batch": 40, "div_factor": 9, "dropout_rate": 0.19995916628790678, "epochs": 14, "layer_size": 32, "max_lr": 0.00021391638708483186, "nb_layers": 7}