{"batch": 34, "div_factor": 9, "dropout_rate": 0.45521679697212, "epochs": 19, "layer_size": 23, "max_lr": 8.372541649582354e-05, "nb_layers": 6}