{"batch": 44, "div_factor": 6, "dropout_rate": 0.22859552783952866, "epochs": 19, "layer_size": 21, "max_lr": 9.810660817464155e-05, "nb_layers": 3}