{"batch": 41, "div_factor": 9, "dropout_rate": 0.08939835115680773, "epochs": 15, "layer_size": 12, "max_lr": 9.735995570774676e-05, "nb_layers": 8}