{"batch": 46, "div_factor": 9, "dropout_rate": 0.005688837134623124, "epochs": 14, "layer_size": 15, "max_lr": 0.0006833588104661191, "nb_layers": 6}