{"batch": 57, "div_factor": 10, "dropout_rate": 0.06599503967770615, "epochs": 17, "layer_size": 15, "max_lr": 0.004780839344389172, "nb_layers": 8}