{"batch": 47, "div_factor": 6, "dropout_rate": 0.11335087894190367, "epochs": 15, "layer_size": 30, "max_lr": 0.003400140548885244, "nb_layers": 9}