{"batch": 57, "div_factor": 9, "dropout_rate": 0.49556957893644626, "epochs": 19, "layer_size": 16, "max_lr": 7.046812716444647e-05, "nb_layers": 5}