{"batch": 502, "div_factor": 8, "dropout_rate": 0.43775884469914744, "epochs": 16, "layer_size": 31, "max_lr": 0.002092206224823458, "nb_layers": 10}