{"batch": 37, "div_factor": 2, "dropout_rate": 0.14374237751030308, "epochs": 20, "layer_size": 7, "max_lr": 0.008685989938668124, "nb_layers": 5}