{"batch": 32, "div_factor": 2, "dropout_rate": 0.047685482762906406, "epochs": 17, "layer_size": 32, "max_lr": 0.008131275350421957, "nb_layers": 5}