{"batch": 171, "div_factor": 6, "dropout_rate": 0.04238448975260506, "epochs": 17, "layer_size": 28, "max_lr": 0.004150050321754707, "nb_layers": 9}