{"batch": 66, "div_factor": 7, "dropout_rate": 0.12445851203973438, "epochs": 14, "layer_size": 32, "max_lr": 0.002811365337381828, "nb_layers": 10}