{"batch": 47, "div_factor": 9, "dropout_rate": 0.4902424539246918, "epochs": 20, "layer_size": 17, "max_lr": 0.0052534452166437, "nb_layers": 8}