{"batch": 90, "div_factor": 3, "dropout_rate": 0.49440491248799956, "epochs": 16, "layer_size": 29, "max_lr": 0.009684796258102608, "nb_layers": 7}