{"batch": 55, "div_factor": 9, "dropout_rate": 0.403115334907234, "epochs": 7, "layer_size": 28, "max_lr": 0.0003378876734747519, "nb_layers": 6}