{"batch": 352, "div_factor": 8, "dropout_rate": 0.15771417546209193, "epochs": 5, "layer_size": 8, "max_lr": 0.006979335647313376, "nb_layers": 3}