{"batch": 33, "div_factor": 7, "dropout_rate": 0.37013292098846085, "epochs": 19, "layer_size": 21, "max_lr": 0.008657696233439748, "nb_layers": 3}