{"batch": 88, "div_factor": 8, "dropout_rate": 0.038348020659742584, "epochs": 20, "layer_size": 20, "max_lr": 9.588828940243347e-05, "nb_layers": 7}