{"batch": 43, "div_factor": 6, "dropout_rate": 0.25261760573827785, "epochs": 20, "layer_size": 21, "max_lr": 0.007716343138366107, "nb_layers": 6}