{"batch": 64, "div_factor": 10, "dropout_rate": 0.04619747102388756, "epochs": 20, "layer_size": 6, "max_lr": 0.004851687558692298, "nb_layers": 3}