{"batch": 276, "div_factor": 3, "dropout_rate": 0.13014542020929137, "epochs": 14, "layer_size": 16, "max_lr": 0.007329783643531637, "nb_layers": 7}