{"batch": 70, "div_factor": 3, "dropout_rate": 0.12031548917929005, "epochs": 19, "layer_size": 30, "max_lr": 0.007039759511728093, "nb_layers": 8}