{"batch": 490, "div_factor": 4, "dropout_rate": 0.2843566275636911, "epochs": 17, "layer_size": 6, "max_lr": 0.007386594104133556, "nb_layers": 2}