{"batch": 53, "div_factor": 2, "dropout_rate": 0.35350478391547163, "epochs": 12, "layer_size": 26, "max_lr": 0.006758026281316939, "nb_layers": 6}