{"batch": 121, "div_factor": 6, "dropout_rate": 0.20410046410277805, "epochs": 17, "layer_size": 6, "max_lr": 0.009595254219381262, "nb_layers": 4}