{"batch": 47, "div_factor": 3, "dropout_rate": 0.47549440927040715, "epochs": 20, "layer_size": 29, "max_lr": 0.004615308853223872, "nb_layers": 4}