{"batch": 46, "div_factor": 10, "dropout_rate": 0.4240724637862049, "epochs": 17, "layer_size": 19, "max_lr": 0.0007223437896185301, "nb_layers": 3}