{"batch": 108, "div_factor": 9, "dropout_rate": 0.4916471647524274, "epochs": 18, "layer_size": 20, "max_lr": 0.007445462645634535, "nb_layers": 7}