{"batch": 93, "div_factor": 2, "dropout_rate": 0.34875531456018205, "epochs": 15, "layer_size": 26, "max_lr": 0.008870352930620731, "nb_layers": 2}