{"batch": 37, "div_factor": 6, "dropout_rate": 0.03135876142845088, "epochs": 18, "layer_size": 28, "max_lr": 0.009100899068137078, "nb_layers": 6}