{"batch": 35, "div_factor": 2, "dropout_rate": 0.31872713294133037, "epochs": 20, "layer_size": 29, "max_lr": 0.007881123915037971, "nb_layers": 9}