{"batch": 36, "div_factor": 6, "dropout_rate": 0.3005656854626673, "epochs": 12, "layer_size": 6, "max_lr": 0.003458297700621588, "nb_layers": 6}