{"batch": 132, "div_factor": 3, "dropout_rate": 0.33597857029791117, "epochs": 9, "layer_size": 24, "max_lr": 0.006226088277809551, "nb_layers": 6}