{"batch": 34, "div_factor": 6, "dropout_rate": 0.1582479298579958, "epochs": 20, "layer_size": 9, "max_lr": 9.739316381042484e-05, "nb_layers": 7}