{"batch": 41, "div_factor": 6, "dropout_rate": 0.46445416044343213, "epochs": 18, "layer_size": 24, "max_lr": 0.0013439628472675254, "nb_layers": 9}