{"batch": 64, "div_factor": 6, "dropout_rate": 0.15056035789248443, "epochs": 14, "layer_size": 19, "max_lr": 0.00016736652608409687, "nb_layers": 5}