{"batch": 41, "div_factor": 9, "dropout_rate": 0.4276523327019396, "epochs": 18, "layer_size": 26, "max_lr": 0.0012381142113412785, "nb_layers": 4}