{"batch": 503, "div_factor": 9, "dropout_rate": 0.2706903968785679, "epochs": 7, "layer_size": 30, "max_lr": 0.006192073420731351, "nb_layers": 6}