{"batch": 48, "div_factor": 10, "dropout_rate": 0.19253105405115883, "epochs": 20, "layer_size": 27, "max_lr": 0.0035050395791567956, "nb_layers": 6}