{"batch": 32, "div_factor": 3, "dropout_rate": 0.034961651363454305, "epochs": 15, "layer_size": 24, "max_lr": 0.0062774108998635446, "nb_layers": 8}