{"batch": 123, "div_factor": 6, "dropout_rate": 0.0247259724353735, "epochs": 8, "layer_size": 20, "max_lr": 0.004862403335483481, "nb_layers": 5}