{"batch": 38, "div_factor": 2, "dropout_rate": 0.46541337120761195, "epochs": 19, "layer_size": 7, "max_lr": 0.0031020739917602025, "nb_layers": 6}