{"batch": 44, "div_factor": 7, "dropout_rate": 0.18154726772246488, "epochs": 12, "layer_size": 18, "max_lr": 0.00012601496273671934, "nb_layers": 8}