{"batch": 86, "div_factor": 8, "dropout_rate": 0.48737543506543907, "epochs": 5, "layer_size": 21, "max_lr": 0.0023262678043500912, "nb_layers": 4}