{"batch": 95, "div_factor": 3, "dropout_rate": 0.37798099972537147, "epochs": 17, "layer_size": 22, "max_lr": 0.0008419283074644994, "nb_layers": 3}