{"batch": 411, "div_factor": 2, "dropout_rate": 0.3887037809243766, "epochs": 7, "layer_size": 26, "max_lr": 0.0038054702894422037, "nb_layers": 7}