{"batch": 194, "div_factor": 10, "dropout_rate": 0.17169586439545803, "epochs": 12, "layer_size": 7, "max_lr": 0.003685596529565043, "nb_layers": 2}