{"batch": 34, "div_factor": 4, "dropout_rate": 0.08039030713557654, "epochs": 17, "layer_size": 31, "max_lr": 0.006995186068114091, "nb_layers": 4}