{"batch": 55, "div_factor": 10, "dropout_rate": 0.0634918877659969, "epochs": 18, "layer_size": 27, "max_lr": 0.0005915966463409563, "nb_layers": 8}