{"batch": 55, "div_factor": 4, "dropout_rate": 0.11728470699151029, "dropout_rate_scale_net": 0.1396848619584312, "epochs": 11, "grad_clip": 1.7696846640375496, "layer_size": 19, "layer_size_scale_net": 7, "max_lr": 0.002702829622040271, "nb_layers": 9, "nb_layers_scale_net": 6}