{"batch": 43, "div_factor": 6, "dropout_rate": 0.4356406681497601, "epochs": 12, "layer_size": 16, "max_lr": 0.0011898467763320846, "nb_layers": 5}