{"batch": 56, "div_factor": 8, "dropout_rate": 0.02840224842403217, "epochs": 7, "layer_size": 31, "max_lr": 0.007896359608898729, "nb_layers": 4}