{"batch": 45, "div_factor": 4, "dropout_rate": 0.12085460107921342, "epochs": 17, "layer_size": 20, "max_lr": 0.000102985468268658, "nb_layers": 5}