{"batch": 34, "div_factor": 6, "dropout_rate": 0.4914155029567278, "epochs": 20, "layer_size": 23, "max_lr": 8.253982755206609e-05, "nb_layers": 5}