{"batch": 58, "div_factor": 5, "dropout_rate": 0.3813579473346642, "epochs": 18, "layer_size": 30, "max_lr": 0.0005137361878295404, "nb_layers": 6}