{"batch": 39, "div_factor": 4, "dropout_rate": 0.15963996278281073, "epochs": 14, "layer_size": 11, "max_lr": 0.00034379902627499877, "nb_layers": 7}