{"batch": 78, "div_factor": 10, "dropout_rate": 0.00599286636800616, "epochs": 18, "layer_size": 20, "max_lr": 0.00016589317878246585, "nb_layers": 6}