{"batch": 69, "div_factor": 9, "dropout_rate": 0.017344352157071953, "epochs": 20, "layer_size": 18, "max_lr": 8.170248123506017e-05, "nb_layers": 6}