{"batch": 153, "div_factor": 4, "dropout_rate": 0.059073603895904624, "epochs": 19, "layer_size": 24, "max_lr": 0.0038100355248049745, "nb_layers": 6}