{"batch": 68, "div_factor": 10, "dropout_rate": 0.0626705097587417, "epochs": 19, "layer_size": 17, "max_lr": 0.0035119088213446336, "nb_layers": 5}