{"batch": 39, "div_factor": 10, "dropout_rate": 0.2981037520059868, "epochs": 10, "layer_size": 32, "max_lr": 0.00019705466805466682, "nb_layers": 8}