{"batch": 81, "div_factor": 8, "dropout_rate": 0.30206510906006423, "epochs": 20, "layer_size": 25, "max_lr": 0.00972704618234992, "nb_layers": 8}