{"batch": 42, "div_factor": 8, "dropout_rate": 0.06643497452406727, "epochs": 16, "layer_size": 21, "max_lr": 0.000704673402436806, "nb_layers": 6}