{"batch": 75, "div_factor": 7, "dropout_rate": 0.11898081439036506, "epochs": 18, "layer_size": 25, "max_lr": 8.087692738802036e-05, "nb_layers": 7}