{"batch": 77, "div_factor": 2, "dropout_rate": 0.4807930516303902, "epochs": 20, "layer_size": 29, "max_lr": 0.006548826193401804, "nb_layers": 7}