{"batch": 482, "div_factor": 6, "dropout_rate": 0.21485363538395783, "epochs": 20, "layer_size": 18, "max_lr": 0.0070526743953653786, "nb_layers": 1}