{"batch": 37, "div_factor": 8, "dropout_rate": 0.11901546205354777, "epochs": 20, "layer_size": 23, "max_lr": 0.0005757179060648999, "nb_layers": 5}