{"batch": 53, "div_factor": 9, "dropout_rate": 0.038265511015033046, "epochs": 20, "layer_size": 15, "max_lr": 0.000519352707405892, "nb_layers": 8}