{"batch": 266, "div_factor": 10, "dropout_rate": 0.14315218239479124, "epochs": 18, "layer_size": 23, "max_lr": 0.0069711882047775175, "nb_layers": 7}