{"batch": 114, "div_factor": 9, "dropout_rate": 0.29311801291383677, "dropout_rate_scale_net": 0.25804720041507473, "epochs": 13, "grad_clip": 2.9032233520436996, "layer_size": 20, "layer_size_scale_net": 3, "max_lr": 0.0005903152818788668, "nb_layers": 9, "nb_layers_scale_net": 6}