{"batch": 35, "div_factor": 4, "dropout_rate": 0.1671278456610236, "epochs": 19, "layer_size": 31, "max_lr": 0.009519326696285699, "nb_layers": 8}