{"batch": 34, "div_factor": 5, "dropout_rate": 0.4122936941740186, "epochs": 9, "layer_size": 32, "max_lr": 0.00028307225475276965, "nb_layers": 5}