{"batch": 43, "div_factor": 10, "dropout_rate": 0.43352815154779845, "epochs": 9, "layer_size": 30, "max_lr": 0.0011586228430060304, "nb_layers": 9}