{"batch": 79, "div_factor": 5, "dropout_rate": 0.4693526806650582, "epochs": 16, "layer_size": 18, "max_lr": 0.0001495135113412378, "nb_layers": 5}