{"batch": 34, "div_factor": 10, "dropout_rate": 0.11284873583323068, "dropout_rate_scale_net": 0.15229399268673924, "epochs": 19, "grad_clip": 10.350941543413914, "layer_size": 22, "layer_size_scale_net": 3, "max_lr": 0.0002019363257539724, "nb_layers": 9, "nb_layers_scale_net": 4}