{"batch": 134, "div_factor": 4, "dropout_rate": 0.0390432944138625, "epochs": 5, "layer_size": 6, "max_lr": 0.009162083813412682, "nb_layers": 4}