{"batch": 35, "div_factor": 4, "dropout_rate": 0.40099596615913713, "epochs": 18, "layer_size": 28, "max_lr": 0.00917366107863836, "nb_layers": 6}