{"batch": 73, "div_factor": 9, "dropout_rate": 0.06688705975014274, "epochs": 19, "layer_size": 15, "max_lr": 0.0028452494195222696, "nb_layers": 1}