{"batch": 42, "div_factor": 6, "dropout_rate": 0.20416947446900638, "epochs": 16, "layer_size": 28, "max_lr": 0.0036653797403806174, "nb_layers": 6}