{"batch": 282, "div_factor": 2, "dropout_rate": 0.3968488516787103, "epochs": 7, "grad_clip": 22.40022955915741, "layer_size": 5, "max_lr": 0.007302605718616339, "nb_layers": 2}