{"batch": 79, "div_factor": 9, "dropout_rate": 0.4532777496105895, "epochs": 8, "layer_size": 31, "max_lr": 0.005118076635639095, "nb_layers": 10}