{"batch": 185, "div_factor": 3, "dropout_rate": 0.416201339677048, "epochs": 19, "layer_size": 8, "max_lr": 0.0005174368863525012, "nb_layers": 7}