{"batch": 71, "div_factor": 7, "dropout_rate": 0.0661417115800075, "epochs": 6, "layer_size": 23, "max_lr": 0.00295563784440025, "nb_layers": 4}