{"batch": 159, "div_factor": 8, "dropout_rate": 0.009394900218177571, "epochs": 11, "layer_size": 20, "max_lr": 0.005223264734283216, "nb_layers": 5}