{"batch": 67, "div_factor": 5, "dropout_rate": 0.46691740225483513, "epochs": 18, "layer_size": 26, "max_lr": 0.0006128857480841279, "nb_layers": 1}