{"batch": 39, "div_factor": 6, "dropout_rate": 0.1651188859543653, "epochs": 19, "layer_size": 16, "max_lr": 0.001523192273720472, "nb_layers": 9}