{"batch": 45, "div_factor": 2, "dropout_rate": 0.20684987670719043, "epochs": 19, "layer_size": 7, "max_lr": 0.007899231432467667, "nb_layers": 2}