{"batch": 118, "div_factor": 10, "dropout_rate": 0.47111124530719417, "epochs": 20, "layer_size": 17, "max_lr": 0.007453614042007507, "nb_layers": 7}