{"batch": 47, "div_factor": 8, "dropout_rate": 0.19070271033059094, "epochs": 14, "layer_size": 30, "max_lr": 0.0060821601857272084, "nb_layers": 5}