{"batch": 63, "div_factor": 7, "dropout_rate": 0.06978846205309416, "epochs": 16, "layer_size": 27, "max_lr": 0.0003315136743304249, "nb_layers": 8}