{"batch": 36, "div_factor": 9, "dropout_rate": 0.29385927891929103, "epochs": 16, "layer_size": 32, "max_lr": 0.004092344277681698, "nb_layers": 9}