{"batch": 124, "div_factor": 4, "dropout_rate": 0.4470627152194722, "epochs": 13, "layer_size": 13, "max_lr": 0.0035939156723334637, "nb_layers": 3}