{"batch": 75, "div_factor": 5, "dropout_rate": 0.4533996504039558, "epochs": 20, "layer_size": 24, "max_lr": 0.00041243790162390106, "nb_layers": 5}