{"batch": 150, "div_factor": 10, "dropout_rate": 0.20169506391694983, "epochs": 19, "layer_size": 5, "max_lr": 0.0050168358254408, "nb_layers": 6}