{"batch": 44, "div_factor": 6, "dropout_rate": 0.3695350259182589, "epochs": 18, "layer_size": 25, "max_lr": 0.0019207626434216423, "nb_layers": 7}