{"batch": 43, "div_factor": 4, "dropout_rate": 0.26360354471158615, "epochs": 19, "layer_size": 29, "max_lr": 0.00043169801495443683, "nb_layers": 5}