{"batch": 149, "div_factor": 7, "dropout_rate": 0.024797427092441742, "epochs": 14, "layer_size": 22, "max_lr": 0.006387572938465626, "nb_layers": 4}