{"batch": 478, "div_factor": 2, "dropout_rate": 0.2270811984537759, "epochs": 11, "layer_size": 29, "max_lr": 0.0018604709291094776, "nb_layers": 10}