{"batch": 50, "div_factor": 7, "dropout_rate": 0.166697308143528, "epochs": 20, "layer_size": 26, "max_lr": 0.0009201267245031148, "nb_layers": 8}