{"batch": 45, "div_factor": 6, "dropout_rate": 0.10561558153531524, "epochs": 19, "layer_size": 16, "max_lr": 0.0004957896187199366, "nb_layers": 4}