{"batch": 45, "div_factor": 7, "dropout_rate": 0.24609110621418706, "epochs": 20, "layer_size": 28, "max_lr": 0.0001135651692282755, "nb_layers": 5}