{"batch": 420, "div_factor": 7, "dropout_rate": 0.3487143865722818, "epochs": 18, "layer_size": 6, "max_lr": 0.0012469616286659207, "nb_layers": 5}