{"batch": 85, "div_factor": 3, "dropout_rate": 0.30506714572449506, "epochs": 16, "layer_size": 23, "max_lr": 0.003497024341268351, "nb_layers": 9}