{"batch": 233, "div_factor": 7, "dropout_rate": 0.06274128497681054, "epochs": 20, "layer_size": 13, "max_lr": 0.0024094545210704924, "nb_layers": 4}