{"batch": 112, "div_factor": 10, "dropout_rate": 0.19534423505139298, "epochs": 15, "layer_size": 27, "max_lr": 0.0061825863783331195, "nb_layers": 4}