{"batch": 47, "div_factor": 2, "dropout_rate": 0.05894312016759336, "epochs": 16, "layer_size": 31, "max_lr": 0.006458581428901648, "nb_layers": 5}