{"batch": 35, "div_factor": 6, "dropout_rate": 0.2891812286197134, "epochs": 20, "layer_size": 26, "max_lr": 0.005340550805636899, "nb_layers": 9}