{"batch": 240, "div_factor": 6, "dropout_rate": 0.43135017177812685, "epochs": 15, "layer_size": 23, "max_lr": 0.0008671416258356969, "nb_layers": 1}