{"batch": 365, "div_factor": 10, "dropout_rate": 0.48809851770256707, "epochs": 17, "layer_size": 20, "max_lr": 0.008933831829349606, "nb_layers": 1}