{"batch": 148, "div_factor": 5, "dropout_rate": 0.14282673963062542, "epochs": 5, "layer_size": 22, "max_lr": 0.0012604424721149986, "nb_layers": 1}