{"batch": 70, "div_factor": 8, "dropout_rate": 0.04025135643569833, "epochs": 19, "layer_size": 21, "max_lr": 0.0005467668720425163, "nb_layers": 9}