{"batch": 58, "div_factor": 10, "dropout_rate": 0.40216594649934007, "epochs": 10, "layer_size": 21, "max_lr": 0.00017053643457183739, "nb_layers": 8}