{"batch": 75, "div_factor": 5, "dropout_rate": 0.2314510788036436, "epochs": 19, "layer_size": 15, "max_lr": 0.001311360698282827, "nb_layers": 6}