{"batch": 33, "div_factor": 6, "dropout_rate": 0.35785126571436054, "epochs": 19, "layer_size": 29, "max_lr": 0.00140063537562492, "nb_layers": 4}