{"batch": 96, "div_factor": 7, "dropout_rate": 0.03696383305964012, "epochs": 8, "layer_size": 26, "max_lr": 0.009926608127460013, "nb_layers": 8}