{"batch": 54, "div_factor": 3, "dropout_rate": 0.28686779525032857, "epochs": 20, "layer_size": 29, "max_lr": 0.0004915880655557326, "nb_layers": 5}