{"batch": 39, "div_factor": 5, "dropout_rate": 0.4620503002655828, "epochs": 17, "layer_size": 17, "max_lr": 0.007427052896944906, "nb_layers": 2}