{"batch": 34, "div_factor": 8, "dropout_rate": 0.08752873276167203, "epochs": 19, "layer_size": 16, "max_lr": 0.009505883001986229, "nb_layers": 9}