{"batch": 37, "div_factor": 5, "dropout_rate": 0.4900640005372727, "epochs": 16, "layer_size": 21, "max_lr": 0.001026703933098505, "nb_layers": 6}