{"batch": 61, "div_factor": 2, "dropout_rate": 0.37591754810987926, "epochs": 20, "layer_size": 21, "max_lr": 0.004414457115066672, "nb_layers": 7}