{"batch": 36, "div_factor": 7, "dropout_rate": 0.44543399846249476, "epochs": 19, "layer_size": 20, "max_lr": 0.006389239183709557, "nb_layers": 8}