{"batch": 48, "div_factor": 5, "dropout_rate": 0.37827091328198315, "epochs": 20, "layer_size": 23, "max_lr": 0.006427802468120191, "nb_layers": 6}