{"batch": 34, "div_factor": 2, "dropout_rate": 0.22041532709986955, "epochs": 15, "layer_size": 26, "max_lr": 0.008749174226399852, "nb_layers": 6}