{"batch": 54, "div_factor": 8, "dropout_rate": 0.0374714467748746, "epochs": 20, "layer_size": 31, "max_lr": 0.00022058605030196132, "nb_layers": 4}