{"batch": 44, "div_factor": 4, "dropout_rate": 0.17731262416597088, "epochs": 14, "layer_size": 15, "max_lr": 0.0006716863284919419, "nb_layers": 3}