{"batch": 39, "div_factor": 6, "dropout_rate": 0.3632770620786523, "epochs": 14, "layer_size": 11, "max_lr": 0.0021627102697050625, "nb_layers": 5}