{"batch": 70, "div_factor": 6, "dropout_rate": 0.4819173752343458, "epochs": 19, "layer_size": 31, "max_lr": 6.071383110059308e-05, "nb_layers": 6}