{"batch": 181, "div_factor": 3, "dropout_rate": 0.14098155901940912, "epochs": 13, "layer_size": 13, "max_lr": 0.0006876195336536213, "nb_layers": 2}