{"batch": 42, "div_factor": 9, "dropout_rate": 0.10186951600702054, "epochs": 13, "layer_size": 28, "max_lr": 0.001837631782728058, "nb_layers": 7}