{"batch": 43, "div_factor": 8, "dropout_rate": 0.07083012963250276, "epochs": 14, "layer_size": 8, "max_lr": 0.000926299593748667, "nb_layers": 4}