{"batch": 61, "div_factor": 5, "dropout_rate": 0.05227383258212063, "epochs": 17, "layer_size": 19, "max_lr": 0.0011524329018881801, "nb_layers": 7}