{"batch": 44, "div_factor": 10, "dropout_rate": 0.16029204418023438, "epochs": 20, "layer_size": 21, "max_lr": 0.0003333720886603839, "nb_layers": 3}